Date, State, District, Positivity
2021-05-10,ANDAMAN AND NICOBAR ISLANDS,NICOBARS,0.20754716981132076
2021-05-10,ANDHRA PRADESH,CHITTOOR,0.35250846414281317
2021-05-10,ANDHRA PRADESH,VISAKHAPATANAM,0.34249379236292865
2021-05-10,ANDHRA PRADESH,ANANTAPUR,0.33215518992484255
2021-05-10,ANDHRA PRADESH,SRIKAKULAM,0.3203763307749443
2021-05-10,ANDHRA PRADESH,VIZIANAGARAM,0.3037679226408803
2021-05-10,ANDHRA PRADESH,SPSR NELLORE,0.28178786368689385
2021-05-10,ANDHRA PRADESH,KURNOOL,0.27963535838873166
2021-05-10,ANDHRA PRADESH,Y.S.R.,0.26572375919593827
2021-05-10,ANDHRA PRADESH,GUNTUR,0.24025021768021632
2021-05-10,ANDHRA PRADESH,KRISHNA,0.23731670318557221
2021-05-10,ANDHRA PRADESH,EAST GODAVARI,0.23442413939651507
2021-05-10,ANDHRA PRADESH,WEST GODAVARI,0.1485063824187393
2021-05-10,ARUNACHAL PRADESH,CHANGLANG,0.8823529411764706
2021-05-10,ARUNACHAL PRADESH,DIBANG VALLEY,0.8095238095238095
2021-05-10,ARUNACHAL PRADESH,NAMSAI,0.4146341463414634
2021-05-10,ARUNACHAL PRADESH,TAWANG,0.4125
2021-05-10,ARUNACHAL PRADESH,LOWER SIANG,0.3113207547169811
2021-05-10,ARUNACHAL PRADESH,LOWER DIBANG VALLEY,0.24522292993630573
2021-05-10,ARUNACHAL PRADESH,PAPUM PARE,0.23513513513513515
2021-05-10,ARUNACHAL PRADESH,ANJAW,0.2
2021-05-10,ARUNACHAL PRADESH,SHI YOMI,0.16666666666666666
2021-05-10,ARUNACHAL PRADESH,EAST KAMENG,0.14285714285714285
2021-05-10,ARUNACHAL PRADESH,TIRAP,0.125
2021-05-10,ARUNACHAL PRADESH,KAMLE,0.1111111111111111
2021-05-10,ARUNACHAL PRADESH,LOHIT,0.10526315789473684
2021-05-10,ASSAM,NALBARI,0.39338999055712937
2021-05-10,ASSAM,KOKRAJHAR,0.2961165048543689
2021-05-10,ASSAM,DIBRUGARH,0.20576714726227185
2021-05-10,ASSAM,KAMRUP METRO,0.20280904899753405
2021-05-10,ASSAM,MARIGAON,0.18364289994008387
2021-05-10,ASSAM,KAMRUP,0.17906030336662968
2021-05-10,ASSAM,TINSUKIA,0.17878077373974208
2021-05-10,ASSAM,HOJAI,0.17660125879303962
2021-05-10,ASSAM,CACHAR,0.1563067975281716
2021-05-10,ASSAM,GOLAGHAT,0.146295422369042
2021-05-10,ASSAM,LAKHIMPUR,0.13472600666061157
2021-05-10,ASSAM,MAJULI,0.13454545454545455
2021-05-10,ASSAM,KARIMGANJ,0.12889408099688474
2021-05-10,ASSAM,BISWANATH,0.12833333333333333
2021-05-10,ASSAM,SONITPUR,0.1282773183177899
2021-05-10,ASSAM,HAILAKANDI,0.12609457092819615
2021-05-10,ASSAM,NAGAON,0.1230570876011747
2021-05-10,ASSAM,DARRANG,0.11990986640914213
2021-05-10,ASSAM,CHARAIDEO,0.11469265367316342
2021-05-10,ASSAM,BONGAIGAON,0.11175656984785616
2021-05-10,BIHAR,SHEIKHPURA,0.305591677503251
2021-05-10,BIHAR,PASHCHIM CHAMPARAN,0.2955518945634267
2021-05-10,BIHAR,JAMUI,0.2953625322046375
2021-05-10,BIHAR,MUZAFFARPUR,0.27658568862841476
2021-05-10,BIHAR,PATNA,0.2579496229744906
2021-05-10,BIHAR,AURANGABAD,0.24472131147540985
2021-05-10,BIHAR,PURNIA,0.2344456667889011
2021-05-10,BIHAR,SAHARSA,0.21326141297197737
2021-05-10,BIHAR,NALANDA,0.21311742208479129
2021-05-10,BIHAR,BEGUSARAI,0.20133524082021936
2021-05-10,BIHAR,VAISHALI,0.20052294653322514
2021-05-10,BIHAR,SAMASTIPUR,0.1998014888337469
2021-05-10,BIHAR,SHEOHAR,0.19087719298245615
2021-05-10,BIHAR,DARBHANGA,0.17378867989945393
2021-05-10,BIHAR,MADHUBANI,0.17276227141482195
2021-05-10,BIHAR,SIWAN,0.16236965738512663
2021-05-10,BIHAR,KATIHAR,0.16234360695758315
2021-05-10,BIHAR,MUNGER,0.15935231714126186
2021-05-10,BIHAR,KHAGARIA,0.1581532416502947
2021-05-10,BIHAR,GOPALGANJ,0.1560294117647059
2021-05-10,BIHAR,MADHEPURA,0.15391980849790546
2021-05-10,BIHAR,BHAGALPUR,0.1489301483074833
2021-05-10,BIHAR,BUXAR,0.14703968770331816
2021-05-10,BIHAR,SARAN,0.14172725093872335
2021-05-10,BIHAR,PURBI CHAMPARAN,0.13917758698599186
2021-05-10,BIHAR,ARARIA,0.13106183522624842
2021-05-10,BIHAR,LAKHISARAI,0.1300177619893428
2021-05-10,BIHAR,ARWAL,0.1286549707602339
2021-05-10,BIHAR,SUPAUL,0.12644754768392372
2021-05-10,BIHAR,GAYA,0.12502301601914934
2021-05-10,BIHAR,SITAMARHI,0.10497870946609891
2021-05-10,BIHAR,ROHTAS,0.10394889663182347
2021-05-10,BIHAR,KISHANGANJ,0.10237439779766001
2021-05-10,CHANDIGARH,CHANDIGARH,0.27247651409154505
2021-05-10,CHHATTISGARH,JANJGIR CHAMPA,0.4779043565348022
2021-05-10,CHHATTISGARH,SURAJPUR,0.41700105596620907
2021-05-10,CHHATTISGARH,KOREA,0.35080223229856994
2021-05-10,CHHATTISGARH,MUNGELI,0.346208510994064
2021-05-10,CHHATTISGARH,RAIGARH,0.32468157744999343
2021-05-10,CHHATTISGARH,GARIYABAND,0.315745947734039
2021-05-10,CHHATTISGARH,BALRAMPUR,0.31444201312910286
2021-05-10,CHHATTISGARH,SURGUJA,0.30347432024169185
2021-05-10,CHHATTISGARH,BALODA BAZAR,0.29772079772079774
2021-05-10,CHHATTISGARH,BILASPUR,0.2948724156296906
2021-05-10,CHHATTISGARH,KORBA,0.28587913496880074
2021-05-10,CHHATTISGARH,DHAMTARI,0.2736582243759715
2021-05-10,CHHATTISGARH,GAURELLA PENDRA MARWAHI,0.25951712521055587
2021-05-10,CHHATTISGARH,BEMETARA,0.2546912832929782
2021-05-10,CHHATTISGARH,BALOD,0.24365086244257605
2021-05-10,CHHATTISGARH,MAHASAMUND,0.23529411764705882
2021-05-10,CHHATTISGARH,RAIPUR,0.2191090771408817
2021-05-10,CHHATTISGARH,JASHPUR,0.18811364606555045
2021-05-10,CHHATTISGARH,DURG,0.1876621504756414
2021-05-10,CHHATTISGARH,RAJNANDGAON,0.1690756941802967
2021-05-10,CHHATTISGARH,KONDAGAON,0.1617000488519785
2021-05-10,CHHATTISGARH,KANKER,0.1488361581920904
2021-05-10,CHHATTISGARH,BASTAR,0.14660479212046595
2021-05-10,CHHATTISGARH,DANTEWADA,0.10357784675706584
2021-05-10,DELHI,WEST,0.38387912860154605
2021-05-10,DELHI,SOUTH WEST,0.3510265086251635
2021-05-10,DELHI,NORTH WEST,0.2930057100451444
2021-05-10,DELHI,NEW DELHI,0.29111967154949564
2021-05-10,DELHI,SOUTH,0.24639776894076332
2021-05-10,DELHI,EAST,0.2405359593187505
2021-05-10,DELHI,NORTH,0.21119482693917613
2021-05-10,DELHI,SOUTH EAST,0.19517477889417004
2021-05-10,DELHI,CENTRAL,0.18826315627595117
2021-05-10,DELHI,SHAHDARA,0.1336835556784406
2021-05-10,DELHI,NORTH EAST,0.11820769897264513
2021-05-10,GOA,NORTH GOA,0.5252602183295253
2021-05-10,GOA,SOUTH GOA,0.4809979817065315
2021-05-10,GUJARAT,PANCH MAHALS,0.2235930370119993
2021-05-10,GUJARAT,GIR SOMNATH,0.2130281690140845
2021-05-10,GUJARAT,VADODARA,0.19391375245146647
2021-05-10,GUJARAT,MAHESANA,0.1899755501222494
2021-05-10,GUJARAT,BHAVNAGAR,0.18443997317236754
2021-05-10,GUJARAT,NARMADA,0.18068077276908923
2021-05-10,GUJARAT,RAJKOT,0.17252711952358596
2021-05-10,GUJARAT,TAPI,0.16178149980966883
2021-05-10,GUJARAT,PATAN,0.1542695392357289
2021-05-10,GUJARAT,KACHCHH,0.15194215259108185
2021-05-10,GUJARAT,DOHAD,0.1480158472429694
2021-05-10,GUJARAT,VALSAD,0.1358210620258813
2021-05-10,GUJARAT,BHARUCH,0.13362902308654612
2021-05-10,GUJARAT,JUNAGADH,0.12584586923713548
2021-05-10,GUJARAT,NAVSARI,0.12445589411033135
2021-05-10,GUJARAT,CHHOTAUDEPUR,0.11628874557936343
2021-05-10,GUJARAT,ARVALLI,0.11614837017609592
2021-05-10,GUJARAT,JAMNAGAR,0.11520210151682062
2021-05-10,GUJARAT,AHMADABAD,0.11037631776108925
2021-05-10,GUJARAT,SURENDRANAGAR,0.10996300548539355
2021-05-10,GUJARAT,ANAND,0.10778972169047268
2021-05-10,GUJARAT,AMRELI,0.1049447201183947
2021-05-10,GUJARAT,GANDHINAGAR,0.10456480839687098
2021-05-10,HARYANA,NUH,0.5381165919282511
2021-05-10,HARYANA,SONIPAT,0.5166715845382118
2021-05-10,HARYANA,BHIWANI,0.4836279784780938
2021-05-10,HARYANA,PANIPAT,0.48201438848920863
2021-05-10,HARYANA,FARIDABAD,0.4261746036809033
2021-05-10,HARYANA,ROHTAK,0.4193039110154288
2021-05-10,HARYANA,REWARI,0.416743161373233
2021-05-10,HARYANA,MAHENDRAGARH,0.3790753232152895
2021-05-10,HARYANA,KARNAL,0.37700236801782977
2021-05-10,HARYANA,PALWAL,0.36551724137931035
2021-05-10,HARYANA,HISAR,0.358832264841175
2021-05-10,HARYANA,CHARKI DADRI,0.3561915556814962
2021-05-10,HARYANA,JIND,0.3560236321602877
2021-05-10,HARYANA,GURUGRAM,0.3531063278381686
2021-05-10,HARYANA,YAMUNANAGAR,0.3243336794738664
2021-05-10,HARYANA,PANCHKULA,0.3234198225052503
2021-05-10,HARYANA,AMBALA,0.3231089160384715
2021-05-10,HARYANA,FATEHABAD,0.2977615092214557
2021-05-10,HARYANA,JHAJJAR,0.29656988224968917
2021-05-10,HARYANA,SIRSA,0.17949857752489332
2021-05-10,HARYANA,KURUKSHETRA,0.15188985913697495
2021-05-10,HARYANA,KAITHAL,0.12653202140514413
2021-05-10,HIMACHAL PRADESH,LAHUL AND SPITI,0.48729792147806006
2021-05-10,HIMACHAL PRADESH,SIRMAUR,0.3895661527429186
2021-05-10,HIMACHAL PRADESH,MANDI,0.2985380866888946
2021-05-10,HIMACHAL PRADESH,KANGRA,0.29468709071237403
2021-05-10,HIMACHAL PRADESH,SOLAN,0.29264792774542076
2021-05-10,HIMACHAL PRADESH,UNA,0.22451863628334218
2021-05-10,HIMACHAL PRADESH,BILASPUR,0.22145753963377166
2021-05-10,HIMACHAL PRADESH,KINNAUR,0.18781725888324874
2021-05-10,HIMACHAL PRADESH,SHIMLA,0.17746580273578114
2021-05-10,HIMACHAL PRADESH,KULLU,0.16621359223300972
2021-05-10,HIMACHAL PRADESH,CHAMBA,0.13186106346483706
2021-05-10,HIMACHAL PRADESH,HAMIRPUR,0.1287718862535701
2021-05-10,JAMMU AND KASHMIR,JAMMU,0.3557162906185901
2021-05-10,JAMMU AND KASHMIR,PULWAMA,0.16761412575366064
2021-05-10,JAMMU AND KASHMIR,BUDGAM,0.16671570069628322
2021-05-10,JAMMU AND KASHMIR,ANANTNAG,0.1549435308103824
2021-05-10,JAMMU AND KASHMIR,SRINAGAR,0.15204217670585385
2021-05-10,JAMMU AND KASHMIR,UDHAMPUR,0.1285316354954238
2021-05-10,JAMMU AND KASHMIR,KULGAM,0.12656514382402706
2021-05-10,JAMMU AND KASHMIR,REASI,0.11476725521669343
2021-05-10,JHARKHAND,GUMLA,0.27606247729749367
2021-05-10,JHARKHAND,RAMGARH,0.26971632259022726
2021-05-10,JHARKHAND,HAZARIBAGH,0.2563861168643696
2021-05-10,JHARKHAND,RANCHI,0.2473855213727282
2021-05-10,JHARKHAND,KODERMA,0.22209424083769633
2021-05-10,JHARKHAND,LOHARDAGA,0.20707070707070707
2021-05-10,JHARKHAND,EAST SINGHBUM,0.2053862397997758
2021-05-10,JHARKHAND,BOKARO,0.2022108843537415
2021-05-10,JHARKHAND,GARHWA,0.18729851708575113
2021-05-10,JHARKHAND,WEST SINGHBHUM,0.1690254100997105
2021-05-10,JHARKHAND,CHATRA,0.1686896981014628
2021-05-10,JHARKHAND,SIMDEGA,0.16643092880716642
2021-05-10,JHARKHAND,LATEHAR,0.14943789415958322
2021-05-10,JHARKHAND,GIRIDIH,0.14657267865824017
2021-05-10,JHARKHAND,PALAMU,0.14142707484576883
2021-05-10,JHARKHAND,DEOGHAR,0.11193721602643536
2021-05-10,JHARKHAND,SARAIKELA KHARSAWAN,0.1086430613591379
2021-05-10,JHARKHAND,JAMTARA,0.10437344913151365
2021-05-10,KARNATAKA,UTTARA KANNADA,0.45164344650344923
2021-05-10,KARNATAKA,BALLARI,0.4308868501529052
2021-05-10,KARNATAKA,MYSURU,0.4005711590861455
2021-05-10,KARNATAKA,HASSAN,0.391942077832912
2021-05-10,KARNATAKA,KOLAR,0.38259212198221093
2021-05-10,KARNATAKA,TUMAKURU,0.3732139586004763
2021-05-10,KARNATAKA,BENGALURU RURAL,0.3564316195895143
2021-05-10,KARNATAKA,KODAGU,0.3551457026927333
2021-05-10,KARNATAKA,UDUPI,0.35171292167252505
2021-05-10,KARNATAKA,BENGALURU URBAN,0.3464258538113782
2021-05-10,KARNATAKA,SHIVAMOGGA,0.338741429638178
2021-05-10,KARNATAKA,DAKSHINA KANNADA,0.3332554100988512
2021-05-10,KARNATAKA,DHARWAD,0.31780670410073164
2021-05-10,KARNATAKA,CHAMARAJANAGARA,0.31515479981031097
2021-05-10,KARNATAKA,KOPPAL,0.31219461482482586
2021-05-10,KARNATAKA,BAGALKOTE,0.30411710078273557
2021-05-10,KARNATAKA,RAICHUR,0.2998692513216986
2021-05-10,KARNATAKA,KALABURAGI,0.29971172718351324
2021-05-10,KARNATAKA,CHIKKAMAGALURU,0.2899992463637049
2021-05-10,KARNATAKA,RAMANAGARA,0.2748577736265602
2021-05-10,KARNATAKA,VIJAYAPURA,0.25543152082583126
2021-05-10,KARNATAKA,YADGIR,0.2545407636738906
2021-05-10,KARNATAKA,GADAG,0.24969611021069693
2021-05-10,KARNATAKA,CHIKKABALLAPURA,0.24683509315053348
2021-05-10,KARNATAKA,BELAGAVI,0.2449104546150314
2021-05-10,KARNATAKA,MANDYA,0.2435974444383771
2021-05-10,KARNATAKA,DAVANGERE,0.19127979512771687
2021-05-10,KARNATAKA,BIDAR,0.15537652088128906
2021-05-10,KERALA,MALAPPURAM,0.3374356074111413
2021-05-10,KERALA,ERNAKULAM,0.3001919634540462
2021-05-10,KERALA,PALAKKAD,0.2987577824778814
2021-05-10,KERALA,THIRUVANANTHAPURAM,0.2948486032026641
2021-05-10,KERALA,KANNUR,0.2945175477020658
2021-05-10,KERALA,ALAPPUZHA,0.28371822561887355
2021-05-10,KERALA,THRISSUR,0.28218874202791383
2021-05-10,KERALA,KOTTAYAM,0.2740138158226465
2021-05-10,KERALA,KOZHIKODE,0.2712564575143223
2021-05-10,KERALA,WAYANAD,0.25896481732070364
2021-05-10,KERALA,KASARAGOD,0.24440862381624018
2021-05-10,KERALA,IDUKKI,0.22980937016429065
2021-05-10,KERALA,PATHANAMTHITTA,0.2271119111166284
2021-05-10,KERALA,KOLLAM,0.21920487209439682
2021-05-10,LADAKH,LEH LADAKH,0.2191708476366517
2021-05-10,MADHYA PRADESH,SHAHDOL,0.4888388285889822
2021-05-10,MADHYA PRADESH,VIDISHA,0.48300720906282185
2021-05-10,MADHYA PRADESH,SAGAR,0.41052958212660323
2021-05-10,MADHYA PRADESH,SIDHI,0.40845416564266407
2021-05-10,MADHYA PRADESH,JABALPUR,0.38544727871164924
2021-05-10,MADHYA PRADESH,CHHATARPUR,0.3839452395768513
2021-05-10,MADHYA PRADESH,ANUPPUR,0.3738842132109156
2021-05-10,MADHYA PRADESH,DATIA,0.35675182481751827
2021-05-10,MADHYA PRADESH,SINGRAULI,0.3531283138918346
2021-05-10,MADHYA PRADESH,RATLAM,0.34587398710104184
2021-05-10,MADHYA PRADESH,BETUL,0.34075224292615597
2021-05-10,MADHYA PRADESH,REWA,0.32910870685213806
2021-05-10,MADHYA PRADESH,SHIVPURI,0.30670224454559725
2021-05-10,MADHYA PRADESH,INDORE,0.3059759843619101
2021-05-10,MADHYA PRADESH,UMARIA,0.28810663021189337
2021-05-10,MADHYA PRADESH,MANDSAUR,0.2863326479818202
2021-05-10,MADHYA PRADESH,MANDLA,0.2799315849486887
2021-05-10,MADHYA PRADESH,GWALIOR,0.2794955248169243
2021-05-10,MADHYA PRADESH,HOSHANGABAD,0.2735442127965492
2021-05-10,MADHYA PRADESH,KATNI,0.270188679245283
2021-05-10,MADHYA PRADESH,DAMOH,0.2682276229994072
2021-05-10,MADHYA PRADESH,NARSINGHPUR,0.258029276818877
2021-05-10,MADHYA PRADESH,DHAR,0.24098632407791132
2021-05-10,MADHYA PRADESH,RAISEN,0.24076007517226977
2021-05-10,MADHYA PRADESH,BHOPAL,0.23503649635036497
2021-05-10,MADHYA PRADESH,HARDA,0.23363471971066907
2021-05-10,MADHYA PRADESH,UJJAIN,0.21947425727173744
2021-05-10,MADHYA PRADESH,SATNA,0.21916623421553363
2021-05-10,MADHYA PRADESH,NEEMUCH,0.21649484536082475
2021-05-10,MADHYA PRADESH,SEHORE,0.2151048492791612
2021-05-10,MADHYA PRADESH,NIWARI,0.2142485699427977
2021-05-10,MADHYA PRADESH,BALAGHAT,0.2126704953338119
2021-05-10,MADHYA PRADESH,SEONI,0.21125515615792576
2021-05-10,MADHYA PRADESH,PANNA,0.2013644366197183
2021-05-10,MADHYA PRADESH,KHARGONE,0.19977298524404086
2021-05-10,MADHYA PRADESH,RAJGARH,0.1991015274034142
2021-05-10,MADHYA PRADESH,TIKAMGARH,0.19301570113697888
2021-05-10,MADHYA PRADESH,MORENA,0.19049429657794678
2021-05-10,MADHYA PRADESH,SHEOPUR,0.18888888888888888
2021-05-10,MADHYA PRADESH,SHAJAPUR,0.1644486692015209
2021-05-10,MADHYA PRADESH,DINDORI,0.1623059866962306
2021-05-10,MADHYA PRADESH,BARWANI,0.15704177128509472
2021-05-10,MADHYA PRADESH,AGAR MALWA,0.14535068232307205
2021-05-10,MADHYA PRADESH,JHABUA,0.13779745434421695
2021-05-10,MADHYA PRADESH,ASHOKNAGAR,0.12172682236376504
2021-05-10,MAHARASHTRA,AHMEDNAGAR,0.4282074613284804
2021-05-10,MAHARASHTRA,BULDHANA,0.403106465441306
2021-05-10,MAHARASHTRA,CHANDRAPUR,0.3512136409227683
2021-05-10,MAHARASHTRA,SATARA,0.34380728503957386
2021-05-10,MAHARASHTRA,NASHIK,0.3353288236692529
2021-05-10,MAHARASHTRA,HINGOLI,0.33275648949320147
2021-05-10,MAHARASHTRA,BEED,0.3276154383165453
2021-05-10,MAHARASHTRA,SINDHUDURG,0.3183282620368713
2021-05-10,MAHARASHTRA,SANGLI,0.3074559606718558
2021-05-10,MAHARASHTRA,PARBHANI,0.30066996431031245
2021-05-10,MAHARASHTRA,JALNA,0.2897954091816367
2021-05-10,MAHARASHTRA,AMRAVATI,0.2843525972205535
2021-05-10,MAHARASHTRA,WARDHA,0.2694120447512497
2021-05-10,MAHARASHTRA,GONDIA,0.2671087307659611
2021-05-10,MAHARASHTRA,KOLHAPUR,0.2579682993566199
2021-05-10,MAHARASHTRA,SOLAPUR,0.2547185485478833
2021-05-10,MAHARASHTRA,OSMANABAD,0.2517911975435005
2021-05-10,MAHARASHTRA,LATUR,0.2495522799283648
2021-05-10,MAHARASHTRA,PALGHAR,0.242515175810331
2021-05-10,MAHARASHTRA,NAGPUR,0.239864064504007
2021-05-10,MAHARASHTRA,PUNE,0.22712109610967252
2021-05-10,MAHARASHTRA,RATNAGIRI,0.21738015893360677
2021-05-10,MAHARASHTRA,RAIGAD,0.21268463492220058
2021-05-10,MAHARASHTRA,NANDED,0.19639744334689135
2021-05-10,MAHARASHTRA,AKOLA,0.18886068534609002
2021-05-10,MAHARASHTRA,GADCHIROLI,0.18722245248386524
2021-05-10,MAHARASHTRA,BHANDARA,0.1817253226854861
2021-05-10,MAHARASHTRA,YAVATMAL,0.17779392373725142
2021-05-10,MAHARASHTRA,WASHIM,0.1561372233575373
2021-05-10,MAHARASHTRA,NANDURBAR,0.1538158154210215
2021-05-10,MAHARASHTRA,MUMBAI SUBURBAN,0.1494590707272841
2021-05-10,MAHARASHTRA,DHULE,0.1426648721399731
2021-05-10,MAHARASHTRA,THANE,0.13453319822002907
2021-05-10,MAHARASHTRA,AURANGABAD,0.10848954966602026
2021-05-10,MAHARASHTRA,JALGAON,0.10822566201867724
2021-05-10,MAHARASHTRA,MUMBAI,0.10697251180203123
2021-05-10,MANIPUR,IMPHAL EAST,0.29206906643254316
2021-05-10,MANIPUR,KAKCHING,0.2569343065693431
2021-05-10,MANIPUR,BISHNUPUR,0.2142353770260747
2021-05-10,MANIPUR,IMPHAL WEST,0.20059992500937382
2021-05-10,MANIPUR,CHURACHANDPUR,0.14917825537294563
2021-05-10,MANIPUR,THOUBAL,0.14359861591695502
2021-05-10,MANIPUR,KANGPOKPI,0.11090909090909092
2021-05-10,MEGHALAYA,EAST KHASI HILLS,0.2226880969019334
2021-05-10,MEGHALAYA,RI BHOI,0.18739635157545606
2021-05-10,MEGHALAYA,SOUTH GARO HILLS,0.18141592920353983
2021-05-10,MEGHALAYA,EAST JAINTIA HILLS,0.15188335358444716
2021-05-10,MEGHALAYA,NORTH GARO HILLS,0.15053763440860216
2021-05-10,MEGHALAYA,WEST JAINTIA HILLS,0.12952646239554316
2021-05-10,MEGHALAYA,WEST GARO HILLS,0.12550607287449392
2021-05-10,MIZORAM,SERCHHIP,0.11486486486486487
2021-05-10,NAGALAND,MON,0.5068493150684932
2021-05-10,NAGALAND,DIMAPUR,0.25932035631804684
2021-05-10,NAGALAND,TUENSANG,0.15469613259668508
2021-05-10,NAGALAND,WOKHA,0.15384615384615385
2021-05-10,NAGALAND,KOHIMA,0.14712153518123666
2021-05-10,NAGALAND,LONGLENG,0.12162162162162163
2021-05-10,ODISHA,KALAHANDI,0.4881360990896881
2021-05-10,ODISHA,SAMBALPUR,0.4688431957306545
2021-05-10,ODISHA,SUNDARGARH,0.35512470771628996
2021-05-10,ODISHA,KHORDHA,0.3415917807452199
2021-05-10,ODISHA,BARGARH,0.3352730528200537
2021-05-10,ODISHA,ANUGUL,0.3303759260953078
2021-05-10,ODISHA,BOUDH,0.30435847208619
2021-05-10,ODISHA,PURI,0.26406734603455917
2021-05-10,ODISHA,CUTTACK,0.2560438484878144
2021-05-10,ODISHA,BALESHWAR,0.25589098135705496
2021-05-10,ODISHA,BHADRAK,0.2540168324407039
2021-05-10,ODISHA,BALANGIR,0.2519267822736031
2021-05-10,ODISHA,NABARANGPUR,0.2514447592067989
2021-05-10,ODISHA,KENDUJHAR,0.24080705738492444
2021-05-10,ODISHA,DEOGARH,0.23951537744641194
2021-05-10,ODISHA,NUAPADA,0.2391260368197451
2021-05-10,ODISHA,JHARSUGUDA,0.23600248292985723
2021-05-10,ODISHA,SONEPUR,0.2089579524680073
2021-05-10,ODISHA,JAJAPUR,0.2013479359730413
2021-05-10,ODISHA,DHENKANAL,0.1857714385110454
2021-05-10,ODISHA,JAGATSINGHAPUR,0.1662322618013322
2021-05-10,ODISHA,RAYAGADA,0.1595792637114951
2021-05-10,ODISHA,GAJAPATI,0.1482050297561912
2021-05-10,ODISHA,NAYAGARH,0.14671702498547357
2021-05-10,ODISHA,MAYURBHANJ,0.1296169043119739
2021-05-10,ODISHA,KANDHAMAL,0.10380868024800709
2021-05-10,ODISHA,KENDRAPARA,0.10155440414507771
2021-05-10,PUDUCHERRY,YANAM,0.9685349065880039
2021-05-10,PUDUCHERRY,PONDICHERRY,0.424197625065573
2021-05-10,PUDUCHERRY,MAHE,0.29873417721518986
2021-05-10,PUDUCHERRY,KARAIKAL,0.2665589660743134
2021-05-10,PUNJAB,S.A.S NAGAR,0.26277445779896597
2021-05-10,PUNJAB,BATHINDA,0.25830258302583026
2021-05-10,PUNJAB,FAZILKA,0.24647505422993493
2021-05-10,PUNJAB,AMRITSAR,0.23949786365183195
2021-05-10,PUNJAB,PATHANKOT,0.2313721786759845
2021-05-10,PUNJAB,MANSA,0.20834804094599366
2021-05-10,PUNJAB,SRI MUKTSAR SAHIB,0.18266454965357967
2021-05-10,PUNJAB,LUDHIANA,0.18170735954860506
2021-05-10,PUNJAB,FARIDKOT,0.17540098459583928
2021-05-10,PUNJAB,PATIALA,0.16910838581372223
2021-05-10,PUNJAB,RUPNAGAR,0.16776470588235295
2021-05-10,PUNJAB,JALANDHAR,0.16398787539162996
2021-05-10,PUNJAB,FIROZEPUR,0.14873979410720625
2021-05-10,PUNJAB,FATEHGARH SAHIB,0.14117856507032223
2021-05-10,PUNJAB,GURDASPUR,0.1385841537740272
2021-05-10,PUNJAB,MOGA,0.11440267155014543
2021-05-10,PUNJAB,HOSHIARPUR,0.109536139026638
2021-05-10,PUNJAB,SANGRUR,0.10650952748100011
2021-05-10,RAJASTHAN,BIKANER,0.6718787395293179
2021-05-10,RAJASTHAN,PALI,0.5743589743589743
2021-05-10,RAJASTHAN,RAJSAMAND,0.504
2021-05-10,RAJASTHAN,JHALAWAR,0.4644387317909169
2021-05-10,RAJASTHAN,UDAIPUR,0.43707658206112826
2021-05-10,RAJASTHAN,PRATAPGARH,0.42857142857142855
2021-05-10,RAJASTHAN,KOTA,0.3769665264035786
2021-05-10,RAJASTHAN,HANUMANGARH,0.3543046357615894
2021-05-10,RAJASTHAN,JAIPUR,0.29669307947433426
2021-05-10,RAJASTHAN,BUNDI,0.2857142857142857
2021-05-10,RAJASTHAN,CHURU,0.28316326530612246
2021-05-10,RAJASTHAN,JHUNJHUNU,0.2831541218637993
2021-05-10,RAJASTHAN,BARMER,0.26618705035971224
2021-05-10,RAJASTHAN,GANGANAGAR,0.26485148514851486
2021-05-10,RAJASTHAN,SAWAI MADHOPUR,0.2631578947368421
2021-05-10,RAJASTHAN,DAUSA,0.2438468550592525
2021-05-10,RAJASTHAN,BANSWARA,0.24175824175824176
2021-05-10,RAJASTHAN,JODHPUR,0.234413352970054
2021-05-10,RAJASTHAN,BHILWARA,0.2263382861795237
2021-05-10,RAJASTHAN,TONK,0.22611464968152867
2021-05-10,RAJASTHAN,BHARATPUR,0.20902612826603326
2021-05-10,RAJASTHAN,ALWAR,0.19954173166926678
2021-05-10,RAJASTHAN,SIKAR,0.19645293315143247
2021-05-10,RAJASTHAN,BARAN,0.18309859154929578
2021-05-10,RAJASTHAN,NAGAUR,0.15458015267175573
2021-05-10,RAJASTHAN,KARAULI,0.1359238699444885
2021-05-10,RAJASTHAN,CHITTORGARH,0.13278008298755187
2021-05-10,RAJASTHAN,DHOLPUR,0.11363636363636363
2021-05-10,SIKKIM,SOUTH DISTRICT,0.2671957671957672
2021-05-10,SIKKIM,EAST DISTRICT,0.2549435028248588
2021-05-10,SIKKIM,NORTH DISTRICT,0.23076923076923078
2021-05-10,SIKKIM,WEST DISTRICT,0.14754098360655737
2021-05-10,TAMIL NADU,RANIPET,0.34247614917606245
2021-05-10,TAMIL NADU,KRISHNAGIRI,0.339524348810872
2021-05-10,TAMIL NADU,TIRUVANNAMALAI,0.3279888718061352
2021-05-10,TAMIL NADU,TIRUPPUR,0.312977547901728
2021-05-10,TAMIL NADU,CHENNAI,0.29673759293656904
2021-05-10,TAMIL NADU,NAGAPATTINAM,0.26854066985645936
2021-05-10,TAMIL NADU,COIMBATORE,0.26235661268556004
2021-05-10,TAMIL NADU,TUTICORIN,0.2598768723641476
2021-05-10,TAMIL NADU,DINDIGUL,0.24309454300471592
2021-05-10,TAMIL NADU,VIRUDHUNAGAR,0.21896131998918042
2021-05-10,TAMIL NADU,THENI,0.20815253122945432
2021-05-10,TAMIL NADU,TIRUNELVELI,0.20704581494021343
2021-05-10,TAMIL NADU,ERODE,0.20645597685167788
2021-05-10,TAMIL NADU,VILLUPURAM,0.20549436475409835
2021-05-10,TAMIL NADU,KANNIYAKUMARI,0.19625643425362657
2021-05-10,TAMIL NADU,CHENGALPATTU,0.19427693035355326
2021-05-10,TAMIL NADU,THANJAVUR,0.19230170467813498
2021-05-10,TAMIL NADU,TENKASI,0.18705234159779616
2021-05-10,TAMIL NADU,DHARMAPURI,0.18627169703055516
2021-05-10,TAMIL NADU,KANCHIPURAM,0.18370545347173325
2021-05-10,TAMIL NADU,TIRUPATHUR,0.18007798652959944
2021-05-10,TAMIL NADU,KARUR,0.17928522201437433
2021-05-10,TAMIL NADU,TIRUCHIRAPPALLI,0.1751875763392078
2021-05-10,TAMIL NADU,VELLORE,0.17496120803845136
2021-05-10,TAMIL NADU,THIRUVALLUR,0.17492428624902168
2021-05-10,TAMIL NADU,RAMANATHAPURAM,0.16843949443123513
2021-05-10,TAMIL NADU,SALEM,0.14308657313414744
2021-05-10,TAMIL NADU,KALLAKURICHI,0.14206642066420663
2021-05-10,TAMIL NADU,MADURAI,0.1382216052910917
2021-05-10,TAMIL NADU,NAMAKKAL,0.13616686343959072
2021-05-10,TAMIL NADU,CUDDALORE,0.13034793515120546
2021-05-10,TAMIL NADU,THIRUVARUR,0.12807389838971414
2021-05-10,TAMIL NADU,THE NILGIRIS,0.12683403977828497
2021-05-10,TAMIL NADU,PERAMBALUR,0.1072156543008561
2021-05-10,TRIPURA,WEST TRIPURA,0.16992790937178168
2021-05-10,UTTAR PRADESH,GHAZIABAD,0.3009151293886807
2021-05-10,UTTAR PRADESH,AMROHA,0.28791371644986
2021-05-10,UTTAR PRADESH,MORADABAD,0.27757692616694785
2021-05-10,UTTAR PRADESH,BAREILLY,0.26912766265758586
2021-05-10,UTTAR PRADESH,MUZAFFARNAGAR,0.2604344417285431
2021-05-10,UTTAR PRADESH,GAUTAM BUDDHA NAGAR,0.25155025992810803
2021-05-10,UTTAR PRADESH,GHAZIPUR,0.23689021456749734
2021-05-10,UTTAR PRADESH,MEERUT,0.2284451676127434
2021-05-10,UTTAR PRADESH,HAPUR,0.21594918842625266
2021-05-10,UTTAR PRADESH,SAHARANPUR,0.20381896824559553
2021-05-10,UTTAR PRADESH,RAMPUR,0.19770586589573813
2021-05-10,UTTAR PRADESH,AZAMGARH,0.18634903640256958
2021-05-10,UTTAR PRADESH,MATHURA,0.18316063783582553
2021-05-10,UTTAR PRADESH,JHANSI,0.18024006195147135
2021-05-10,UTTAR PRADESH,BUDAUN,0.17068663223238403
2021-05-10,UTTAR PRADESH,BIJNOR,0.17039283447351716
2021-05-10,UTTAR PRADESH,SHAHJAHANPUR,0.16845390070921987
2021-05-10,UTTAR PRADESH,CHANDAULI,0.16234398512879525
2021-05-10,UTTAR PRADESH,PILIBHIT,0.16010945126460582
2021-05-10,UTTAR PRADESH,BAGHPAT,0.15765514678558157
2021-05-10,UTTAR PRADESH,AURAIYA,0.15629365202545398
2021-05-10,UTTAR PRADESH,SHAMLI,0.15086351723674485
2021-05-10,UTTAR PRADESH,KHERI,0.14944172741533635
2021-05-10,UTTAR PRADESH,ETAH,0.1458081418782749
2021-05-10,UTTAR PRADESH,BALLIA,0.13808160690893212
2021-05-10,UTTAR PRADESH,JAUNPUR,0.13153668573722774
2021-05-10,UTTAR PRADESH,PRATAPGARH,0.1307613017228685
2021-05-10,UTTAR PRADESH,KUSHI NAGAR,0.13021759956206377
2021-05-10,UTTAR PRADESH,VARANASI,0.12400803990173453
2021-05-10,UTTAR PRADESH,LUCKNOW,0.12329720146322853
2021-05-10,UTTAR PRADESH,JALAUN,0.12209996022802598
2021-05-10,UTTAR PRADESH,FARRUKHABAD,0.11979320531757755
2021-05-10,UTTAR PRADESH,KANPUR NAGAR,0.1169872072290408
2021-05-10,UTTAR PRADESH,LALITPUR,0.11698010727136941
2021-05-10,UTTAR PRADESH,CHITRAKOOT,0.11512946715172266
2021-05-10,UTTAR PRADESH,DEORIA,0.10738897396630934
2021-05-10,UTTAR PRADESH,SONBHADRA,0.10709242967307483
2021-05-10,UTTAR PRADESH,GORAKHPUR,0.10578953217024113
2021-05-10,UTTARAKHAND,NAINITAL,0.3421121422036335
2021-05-10,UTTARAKHAND,UDAM SINGH NAGAR,0.3107779399407368
2021-05-10,UTTARAKHAND,DEHRADUN,0.2990583186816462
2021-05-10,UTTARAKHAND,TEHRI GARHWAL,0.2642517125275746
2021-05-10,UTTARAKHAND,CHAMOLI,0.23460573976037893
2021-05-10,UTTARAKHAND,PAURI GARHWAL,0.22805984214866298
2021-05-10,UTTARAKHAND,CHAMPAWAT,0.1942695618656045
2021-05-10,UTTARAKHAND,PITHORAGARH,0.18051031487513572
2021-05-10,UTTARAKHAND,UTTAR KASHI,0.17968544064669187
2021-05-10,UTTARAKHAND,RUDRA PRAYAG,0.17395473724587648
2021-05-10,UTTARAKHAND,BAGESHWAR,0.13085539714867617
2021-05-10,UTTARAKHAND,ALMORA,0.10820182577312291
2021-05-10,WEST BENGAL,24 PARAGANAS NORTH,0.4699630714818218
2021-05-10,WEST BENGAL,KOLKATA,0.4437975764186962
2021-05-10,WEST BENGAL,PASCHIM BARDHAMAN,0.40505406390475035
2021-05-10,WEST BENGAL,DINAJPUR UTTAR,0.3959464350343829
2021-05-10,WEST BENGAL,BIRBHUM,0.38450208657229357
2021-05-10,WEST BENGAL,NADIA,0.378942071125028
2021-05-10,WEST BENGAL,HOWRAH,0.3705569549398265
2021-05-10,WEST BENGAL,MALDAH,0.36210612747613674
2021-05-10,WEST BENGAL,JALPAIGURI,0.32164432002357446
2021-05-10,WEST BENGAL,24 PARAGANAS SOUTH,0.31304200685308176
2021-05-10,WEST BENGAL,DARJEELING,0.3128547819213911
2021-05-10,WEST BENGAL,DINAJPUR DAKSHIN,0.2929223351127949
2021-05-10,WEST BENGAL,MEDINIPUR EAST,0.29040642722117205
2021-05-10,WEST BENGAL,HOOGHLY,0.27276161692482054
2021-05-10,WEST BENGAL,KALIMPONG,0.27197802197802196
2021-05-10,WEST BENGAL,PURBA BARDHAMAN,0.25709367538453
2021-05-10,WEST BENGAL,BANKURA,0.24944905916256993
2021-05-10,WEST BENGAL,MURSHIDABAD,0.24002833864682963
2021-05-10,WEST BENGAL,MEDINIPUR WEST,0.22853145222410073
2021-05-10,WEST BENGAL,PURULIA,0.18860361824287727
2021-05-10,WEST BENGAL,JHARGRAM,0.12480335605663345
2021-05-10,WEST BENGAL,COOCHBEHAR,0.11180752122927619
2021-05-11,ANDAMAN AND NICOBAR ISLANDS,NICOBARS,0.21739130434782608
2021-05-11,ANDAMAN AND NICOBAR ISLANDS,NORTH AND MIDDLE ANDAMAN,0.1
2021-05-11,ANDHRA PRADESH,ANANTAPUR,0.3578651685393258
2021-05-11,ANDHRA PRADESH,CHITTOOR,0.35470622490575293
2021-05-11,ANDHRA PRADESH,VIZIANAGARAM,0.32965964343598053
2021-05-11,ANDHRA PRADESH,VISAKHAPATANAM,0.3115986311415302
2021-05-11,ANDHRA PRADESH,SRIKAKULAM,0.3021676346440699
2021-05-11,ANDHRA PRADESH,Y.S.R.,0.2874727814069235
2021-05-11,ANDHRA PRADESH,SPSR NELLORE,0.28490047811196634
2021-05-11,ANDHRA PRADESH,KRISHNA,0.2573468728694966
2021-05-11,ANDHRA PRADESH,GUNTUR,0.25509679229402416
2021-05-11,ANDHRA PRADESH,KURNOOL,0.25317229231819977
2021-05-11,ANDHRA PRADESH,EAST GODAVARI,0.2326501154734411
2021-05-11,ANDHRA PRADESH,WEST GODAVARI,0.15109916179028943
2021-05-11,ARUNACHAL PRADESH,CHANGLANG,0.9240506329113924
2021-05-11,ARUNACHAL PRADESH,DIBANG VALLEY,0.8333333333333334
2021-05-11,ARUNACHAL PRADESH,NAMSAI,0.45222929936305734
2021-05-11,ARUNACHAL PRADESH,TAWANG,0.41916167664670656
2021-05-11,ARUNACHAL PRADESH,LOWER SIANG,0.3684210526315789
2021-05-11,ARUNACHAL PRADESH,ANJAW,0.3333333333333333
2021-05-11,ARUNACHAL PRADESH,PAPUM PARE,0.22506082725060828
2021-05-11,ARUNACHAL PRADESH,LOWER DIBANG VALLEY,0.20738636363636365
2021-05-11,ARUNACHAL PRADESH,UPPER SUBANSIRI,0.2
2021-05-11,ARUNACHAL PRADESH,SHI YOMI,0.16666666666666666
2021-05-11,ARUNACHAL PRADESH,TIRAP,0.125
2021-05-11,ARUNACHAL PRADESH,EAST KAMENG,0.1
2021-05-11,ASSAM,NALBARI,0.4048461266360099
2021-05-11,ASSAM,KOKRAJHAR,0.32444959443800697
2021-05-11,ASSAM,DIBRUGARH,0.21586853680803386
2021-05-11,ASSAM,KAMRUP METRO,0.20730623798995806
2021-05-11,ASSAM,KAMRUP,0.18704079490588482
2021-05-11,ASSAM,MARIGAON,0.18662728249194416
2021-05-11,ASSAM,TINSUKIA,0.1819935691318328
2021-05-11,ASSAM,HOJAI,0.17197898423817864
2021-05-11,ASSAM,CACHAR,0.17019731267401042
2021-05-11,ASSAM,GOLAGHAT,0.15054005400540055
2021-05-11,ASSAM,LAKHIMPUR,0.14214046822742474
2021-05-11,ASSAM,HAILAKANDI,0.13442751074638531
2021-05-11,ASSAM,MAJULI,0.13432835820895522
2021-05-11,ASSAM,SONITPUR,0.13178669244401484
2021-05-11,ASSAM,NAGAON,0.12791092402742887
2021-05-11,ASSAM,KARIMGANJ,0.1268357810413885
2021-05-11,ASSAM,CHARAIDEO,0.12558139534883722
2021-05-11,ASSAM,DARRANG,0.12086729201906812
2021-05-11,ASSAM,BISWANATH,0.11962286387743076
2021-05-11,ASSAM,DHUBRI,0.10969285999202234
2021-05-11,ASSAM,BONGAIGAON,0.10956707642971673
2021-05-11,ASSAM,DHEMAJI,0.10132542727589815
2021-05-11,ASSAM,BARPETA,0.1007137192704203
2021-05-11,ASSAM,WEST KARBI ANGLONG,0.10026385224274406
2021-05-11,BIHAR,JAMUI,0.2907554671968191
2021-05-11,BIHAR,PASHCHIM CHAMPARAN,0.28783269961977187
2021-05-11,BIHAR,SHEIKHPURA,0.27330063069376315
2021-05-11,BIHAR,MUZAFFARPUR,0.26117564237944385
2021-05-11,BIHAR,PATNA,0.2265100350125318
2021-05-11,BIHAR,PURNIA,0.22563383870556758
2021-05-11,BIHAR,SAHARSA,0.2234891676168757
2021-05-11,BIHAR,AURANGABAD,0.22238414456426697
2021-05-11,BIHAR,MUNGER,0.20140309850920785
2021-05-11,BIHAR,NALANDA,0.20003495586821637
2021-05-11,BIHAR,VAISHALI,0.1926528658609549
2021-05-11,BIHAR,SAMASTIPUR,0.19083661317993744
2021-05-11,BIHAR,SHEOHAR,0.18977469670710573
2021-05-11,BIHAR,BEGUSARAI,0.18722882475004715
2021-05-11,BIHAR,MADHUBANI,0.18166306449778183
2021-05-11,BIHAR,DARBHANGA,0.16316698481956185
2021-05-11,BIHAR,KATIHAR,0.1502301439623935
2021-05-11,BIHAR,SIWAN,0.15003769791404875
2021-05-11,BIHAR,MADHEPURA,0.14986033519553071
2021-05-11,BIHAR,GOPALGANJ,0.14471544715447154
2021-05-11,BIHAR,ARARIA,0.13784461152882205
2021-05-11,BIHAR,PURBI CHAMPARAN,0.13473118279569893
2021-05-11,BIHAR,KHAGARIA,0.13314743813175323
2021-05-11,BIHAR,SARAN,0.12336774977224416
2021-05-11,BIHAR,ARWAL,0.12177835051546392
2021-05-11,BIHAR,SUPAUL,0.11997093815275633
2021-05-11,BIHAR,BHAGALPUR,0.11543706532115096
2021-05-11,BIHAR,LAKHISARAI,0.11240451073117497
2021-05-11,BIHAR,BUXAR,0.11057537769206043
2021-05-11,BIHAR,GAYA,0.10922425674345343
2021-05-11,CHANDIGARH,CHANDIGARH,0.2791753589397472
2021-05-11,CHHATTISGARH,JANJGIR CHAMPA,0.4605961101288204
2021-05-11,CHHATTISGARH,SURAJPUR,0.38418927800206554
2021-05-11,CHHATTISGARH,KOREA,0.35753851480006926
2021-05-11,CHHATTISGARH,RAIGARH,0.3104402847350382
2021-05-11,CHHATTISGARH,GARIYABAND,0.30520833333333336
2021-05-11,CHHATTISGARH,BALRAMPUR,0.2867113081203433
2021-05-11,CHHATTISGARH,BALODA BAZAR,0.28491688646261426
2021-05-11,CHHATTISGARH,MUNGELI,0.27782397782397783
2021-05-11,CHHATTISGARH,BILASPUR,0.27633153800119686
2021-05-11,CHHATTISGARH,SURGUJA,0.27079945799457994
2021-05-11,CHHATTISGARH,DHAMTARI,0.26137141739215497
2021-05-11,CHHATTISGARH,KORBA,0.2586023267245617
2021-05-11,CHHATTISGARH,GAURELLA PENDRA MARWAHI,0.2485838053982006
2021-05-11,CHHATTISGARH,BALOD,0.23665830945558738
2021-05-11,CHHATTISGARH,BEMETARA,0.23182156133828996
2021-05-11,CHHATTISGARH,RAIPUR,0.20919768403639372
2021-05-11,CHHATTISGARH,MAHASAMUND,0.19417603365542627
2021-05-11,CHHATTISGARH,JASHPUR,0.17639417693169093
2021-05-11,CHHATTISGARH,DURG,0.17586548789556308
2021-05-11,CHHATTISGARH,RAJNANDGAON,0.15931527500851042
2021-05-11,CHHATTISGARH,KONDAGAON,0.15724483889639204
2021-05-11,CHHATTISGARH,BASTAR,0.1418420081210779
2021-05-11,CHHATTISGARH,KANKER,0.13512152121899004
2021-05-11,CHHATTISGARH,DANTEWADA,0.10370606012406554
2021-05-11,DELHI,WEST,0.37987719249938046
2021-05-11,DELHI,SOUTH WEST,0.32711196422372424
2021-05-11,DELHI,NEW DELHI,0.2781929934022754
2021-05-11,DELHI,NORTH WEST,0.2683427613660172
2021-05-11,DELHI,SOUTH,0.2420520231213873
2021-05-11,DELHI,EAST,0.21848131779831256
2021-05-11,DELHI,NORTH,0.19701756976229146
2021-05-11,DELHI,SOUTH EAST,0.17599173804750623
2021-05-11,DELHI,CENTRAL,0.16748406081412456
2021-05-11,DELHI,SHAHDARA,0.12354665857850572
2021-05-11,DELHI,NORTH EAST,0.10893199744191004
2021-05-11,GOA,NORTH GOA,0.5237430167597765
2021-05-11,GOA,SOUTH GOA,0.45876443566736785
2021-05-11,GUJARAT,PANCH MAHALS,0.24374785885577252
2021-05-11,GUJARAT,GIR SOMNATH,0.22897777777777778
2021-05-11,GUJARAT,VADODARA,0.2003560550812921
2021-05-11,GUJARAT,BHAVNAGAR,0.19467452614462116
2021-05-11,GUJARAT,MAHESANA,0.19201149425287356
2021-05-11,GUJARAT,NARMADA,0.17556526695800875
2021-05-11,GUJARAT,PATAN,0.1690641668013577
2021-05-11,GUJARAT,RAJKOT,0.16434351974876193
2021-05-11,GUJARAT,DOHAD,0.14870775347912524
2021-05-11,GUJARAT,VALSAD,0.1441393247741322
2021-05-11,GUJARAT,KACHCHH,0.14407061958694203
2021-05-11,GUJARAT,TAPI,0.1417337577232728
2021-05-11,GUJARAT,ARVALLI,0.12939244663382593
2021-05-11,GUJARAT,BHARUCH,0.12753462603878116
2021-05-11,GUJARAT,JUNAGADH,0.12673812282734648
2021-05-11,GUJARAT,NAVSARI,0.12220682487441538
2021-05-11,GUJARAT,JAMNAGAR,0.11647986716479868
2021-05-11,GUJARAT,GANDHINAGAR,0.11333168439277765
2021-05-11,GUJARAT,CHHOTAUDEPUR,0.10860738936256598
2021-05-11,GUJARAT,AHMADABAD,0.10732004172945404
2021-05-11,GUJARAT,AMRELI,0.10624363265900161
2021-05-11,GUJARAT,SURENDRANAGAR,0.10247395833333334
2021-05-11,GUJARAT,ANAND,0.10021104227653346
2021-05-11,HARYANA,NUH,0.5576230492196879
2021-05-11,HARYANA,SONIPAT,0.4988243430152144
2021-05-11,HARYANA,PANIPAT,0.4717547432736628
2021-05-11,HARYANA,BHIWANI,0.4372453137734311
2021-05-11,HARYANA,REWARI,0.42639869636067357
2021-05-11,HARYANA,FARIDABAD,0.39937037620022037
2021-05-11,HARYANA,ROHTAK,0.384833652550188
2021-05-11,HARYANA,JIND,0.3798941798941799
2021-05-11,HARYANA,MAHENDRAGARH,0.37496409077851195
2021-05-11,HARYANA,HISAR,0.36590468221064243
2021-05-11,HARYANA,CHARKI DADRI,0.35320665083135394
2021-05-11,HARYANA,KARNAL,0.34837809557028254
2021-05-11,HARYANA,PALWAL,0.34127684613121506
2021-05-11,HARYANA,GURUGRAM,0.33818376787740495
2021-05-11,HARYANA,PANCHKULA,0.3078447669586344
2021-05-11,HARYANA,YAMUNANAGAR,0.3038569032979318
2021-05-11,HARYANA,FATEHABAD,0.2953020134228188
2021-05-11,HARYANA,AMBALA,0.29514057198254967
2021-05-11,HARYANA,JHAJJAR,0.2816238038277512
2021-05-11,HARYANA,SIRSA,0.19118062753227175
2021-05-11,HARYANA,KURUKSHETRA,0.14244640290018126
2021-05-11,HARYANA,KAITHAL,0.12594866547284045
2021-05-11,HIMACHAL PRADESH,LAHUL AND SPITI,0.5755968169761273
2021-05-11,HIMACHAL PRADESH,SIRMAUR,0.4025553356127407
2021-05-11,HIMACHAL PRADESH,KANGRA,0.31233118350697314
2021-05-11,HIMACHAL PRADESH,MANDI,0.3119303057191256
2021-05-11,HIMACHAL PRADESH,SOLAN,0.2906165339463098
2021-05-11,HIMACHAL PRADESH,UNA,0.24700445053064018
2021-05-11,HIMACHAL PRADESH,BILASPUR,0.22417367971703867
2021-05-11,HIMACHAL PRADESH,KINNAUR,0.19970631424375918
2021-05-11,HIMACHAL PRADESH,SHIMLA,0.1804930078217587
2021-05-11,HIMACHAL PRADESH,KULLU,0.16190122539918306
2021-05-11,HIMACHAL PRADESH,CHAMBA,0.13946784922394678
2021-05-11,HIMACHAL PRADESH,HAMIRPUR,0.1324665767202257
2021-05-11,JAMMU AND KASHMIR,JAMMU,0.36361858190709045
2021-05-11,JAMMU AND KASHMIR,PULWAMA,0.17383145684066872
2021-05-11,JAMMU AND KASHMIR,BUDGAM,0.16066240557815223
2021-05-11,JAMMU AND KASHMIR,ANANTNAG,0.15690333264334505
2021-05-11,JAMMU AND KASHMIR,SRINAGAR,0.1490879252666793
2021-05-11,JAMMU AND KASHMIR,REASI,0.14357142857142857
2021-05-11,JAMMU AND KASHMIR,KULGAM,0.12395856789011483
2021-05-11,JAMMU AND KASHMIR,UDHAMPUR,0.12185763429478698
2021-05-11,JHARKHAND,GUMLA,0.25793998947183716
2021-05-11,JHARKHAND,RAMGARH,0.24114114114114113
2021-05-11,JHARKHAND,RANCHI,0.22006521960664424
2021-05-11,JHARKHAND,HAZARIBAGH,0.21846965699208443
2021-05-11,JHARKHAND,BOKARO,0.21708342553662316
2021-05-11,JHARKHAND,KODERMA,0.21308355039070326
2021-05-11,JHARKHAND,LOHARDAGA,0.20574162679425836
2021-05-11,JHARKHAND,EAST SINGHBUM,0.19874084543235257
2021-05-11,JHARKHAND,LATEHAR,0.198178391959799
2021-05-11,JHARKHAND,GARHWA,0.18248175182481752
2021-05-11,JHARKHAND,WEST SINGHBHUM,0.153805134455702
2021-05-11,JHARKHAND,GIRIDIH,0.1504108610217935
2021-05-11,JHARKHAND,CHATRA,0.14832535885167464
2021-05-11,JHARKHAND,PALAMU,0.1431823108606113
2021-05-11,JHARKHAND,SIMDEGA,0.14280456385719545
2021-05-11,JHARKHAND,DEOGHAR,0.107128342680647
2021-05-11,JHARKHAND,JAMTARA,0.100097861037327
2021-05-11,KARNATAKA,UTTARA KANNADA,0.4570815450643777
2021-05-11,KARNATAKA,BALLARI,0.44283842610202445
2021-05-11,KARNATAKA,HASSAN,0.4205733319159491
2021-05-11,KARNATAKA,MYSURU,0.41306286865199254
2021-05-11,KARNATAKA,KOLAR,0.37592056812204105
2021-05-11,KARNATAKA,TUMAKURU,0.37403064561337945
2021-05-11,KARNATAKA,UDUPI,0.3701549362804717
2021-05-11,KARNATAKA,SHIVAMOGGA,0.3640779929460305
2021-05-11,KARNATAKA,KODAGU,0.3573348537916429
2021-05-11,KARNATAKA,BENGALURU RURAL,0.35564147916580974
2021-05-11,KARNATAKA,BENGALURU URBAN,0.3472041521523202
2021-05-11,KARNATAKA,DAKSHINA KANNADA,0.3336327185244587
2021-05-11,KARNATAKA,DHARWAD,0.3295565626943926
2021-05-11,KARNATAKA,CHAMARAJANAGARA,0.32066217044757817
2021-05-11,KARNATAKA,KOPPAL,0.31537121706945354
2021-05-11,KARNATAKA,BAGALKOTE,0.3066113062919195
2021-05-11,KARNATAKA,RAICHUR,0.3009003775776939
2021-05-11,KARNATAKA,KALABURAGI,0.29840607084865955
2021-05-11,KARNATAKA,RAMANAGARA,0.2716921175743667
2021-05-11,KARNATAKA,GADAG,0.26993732440025936
2021-05-11,KARNATAKA,CHIKKAMAGALURU,0.2685198452500358
2021-05-11,KARNATAKA,VIJAYAPURA,0.2600676116481822
2021-05-11,KARNATAKA,BELAGAVI,0.25258861011549183
2021-05-11,KARNATAKA,MANDYA,0.24994210282538212
2021-05-11,KARNATAKA,YADGIR,0.24170639650377435
2021-05-11,KARNATAKA,CHIKKABALLAPURA,0.24043465827852445
2021-05-11,KARNATAKA,DAVANGERE,0.19929617925883367
2021-05-11,KARNATAKA,BIDAR,0.14713474445018068
2021-05-11,KARNATAKA,HAVERI,0.10603469337893966
2021-05-11,KERALA,MALAPPURAM,0.3432949836801778
2021-05-11,KERALA,PALAKKAD,0.2992235436177532
2021-05-11,KERALA,ERNAKULAM,0.2946059644290077
2021-05-11,KERALA,KANNUR,0.29272368728901366
2021-05-11,KERALA,THIRUVANANTHAPURAM,0.29246871182168865
2021-05-11,KERALA,THRISSUR,0.2827912987292699
2021-05-11,KERALA,ALAPPUZHA,0.28059277944190447
2021-05-11,KERALA,KOTTAYAM,0.27686299832418554
2021-05-11,KERALA,KOZHIKODE,0.2683583437543421
2021-05-11,KERALA,WAYANAD,0.26401767746517774
2021-05-11,KERALA,KASARAGOD,0.2456087923763987
2021-05-11,KERALA,PATHANAMTHITTA,0.24033721303345876
2021-05-11,KERALA,KOLLAM,0.23326496363975388
2021-05-11,KERALA,IDUKKI,0.23139885531417317
2021-05-11,LADAKH,LEH LADAKH,0.21486949644081202
2021-05-11,MADHYA PRADESH,SHAHDOL,0.4921715452688904
2021-05-11,MADHYA PRADESH,VIDISHA,0.45401996847083553
2021-05-11,MADHYA PRADESH,SIDHI,0.3893826567379294
2021-05-11,MADHYA PRADESH,SAGAR,0.3891738513587253
2021-05-11,MADHYA PRADESH,JABALPUR,0.3816741516966068
2021-05-11,MADHYA PRADESH,ANUPPUR,0.37822349570200575
2021-05-11,MADHYA PRADESH,SINGRAULI,0.36890871654083734
2021-05-11,MADHYA PRADESH,RATLAM,0.35125510292712586
2021-05-11,MADHYA PRADESH,CHHATARPUR,0.3396107972379159
2021-05-11,MADHYA PRADESH,DATIA,0.3333333333333333
2021-05-11,MADHYA PRADESH,REWA,0.3170731707317073
2021-05-11,MADHYA PRADESH,BETUL,0.3109914593390271
2021-05-11,MADHYA PRADESH,INDORE,0.29984014286331495
2021-05-11,MADHYA PRADESH,KATNI,0.2908199018920813
2021-05-11,MADHYA PRADESH,UMARIA,0.2903458213256484
2021-05-11,MADHYA PRADESH,MANDSAUR,0.2861105184553019
2021-05-11,MADHYA PRADESH,SHIVPURI,0.2815437197379664
2021-05-11,MADHYA PRADESH,MANDLA,0.2802168021680217
2021-05-11,MADHYA PRADESH,DAMOH,0.27335456475583864
2021-05-11,MADHYA PRADESH,NARSINGHPUR,0.26755926251097456
2021-05-11,MADHYA PRADESH,GWALIOR,0.26494574607782156
2021-05-11,MADHYA PRADESH,UJJAIN,0.2521710363079977
2021-05-11,MADHYA PRADESH,DINDORI,0.24500907441016334
2021-05-11,MADHYA PRADESH,HOSHANGABAD,0.2368465288283745
2021-05-11,MADHYA PRADESH,BHOPAL,0.2332325581395349
2021-05-11,MADHYA PRADESH,RAISEN,0.22593960460569193
2021-05-11,MADHYA PRADESH,DHAR,0.22250530785562633
2021-05-11,MADHYA PRADESH,HARDA,0.21685878962536023
2021-05-11,MADHYA PRADESH,SEONI,0.21413596885295
2021-05-11,MADHYA PRADESH,SATNA,0.21198983405591268
2021-05-11,MADHYA PRADESH,NEEMUCH,0.21073225265511458
2021-05-11,MADHYA PRADESH,SEHORE,0.20493150684931508
2021-05-11,MADHYA PRADESH,NIWARI,0.19197117858980958
2021-05-11,MADHYA PRADESH,PANNA,0.18987631699496108
2021-05-11,MADHYA PRADESH,BALAGHAT,0.18962962962962962
2021-05-11,MADHYA PRADESH,KHARGONE,0.18742085268045588
2021-05-11,MADHYA PRADESH,MORENA,0.1863841475377673
2021-05-11,MADHYA PRADESH,SHAJAPUR,0.17253299811439346
2021-05-11,MADHYA PRADESH,SHEOPUR,0.17064032697547685
2021-05-11,MADHYA PRADESH,RAJGARH,0.1690247123184305
2021-05-11,MADHYA PRADESH,TIKAMGARH,0.15656284760845385
2021-05-11,MADHYA PRADESH,BARWANI,0.1463148713475796
2021-05-11,MADHYA PRADESH,AGAR MALWA,0.13634862991086166
2021-05-11,MADHYA PRADESH,JHABUA,0.11828175895765472
2021-05-11,MADHYA PRADESH,ASHOKNAGAR,0.11251392499071668
2021-05-11,MAHARASHTRA,AHMEDNAGAR,0.4220055067603944
2021-05-11,MAHARASHTRA,BULDHANA,0.3809964200477327
2021-05-11,MAHARASHTRA,CHANDRAPUR,0.3622834938613534
2021-05-11,MAHARASHTRA,SATARA,0.3441115135550434
2021-05-11,MAHARASHTRA,NASHIK,0.32864883915591
2021-05-11,MAHARASHTRA,SINDHUDURG,0.3271798900235664
2021-05-11,MAHARASHTRA,BEED,0.3224950455140909
2021-05-11,MAHARASHTRA,HINGOLI,0.3198519693365054
2021-05-11,MAHARASHTRA,PARBHANI,0.31001159644375725
2021-05-11,MAHARASHTRA,SANGLI,0.30091678420310297
2021-05-11,MAHARASHTRA,JALNA,0.2986809045226131
2021-05-11,MAHARASHTRA,AMRAVATI,0.2925422498285806
2021-05-11,MAHARASHTRA,GONDIA,0.27756586534196753
2021-05-11,MAHARASHTRA,OSMANABAD,0.2646386093321135
2021-05-11,MAHARASHTRA,WARDHA,0.2639235644324947
2021-05-11,MAHARASHTRA,SOLAPUR,0.2541835447240853
2021-05-11,MAHARASHTRA,KOLHAPUR,0.24480866884294522
2021-05-11,MAHARASHTRA,LATUR,0.24118078474514118
2021-05-11,MAHARASHTRA,NAGPUR,0.23265743544381315
2021-05-11,MAHARASHTRA,PUNE,0.23000113424359642
2021-05-11,MAHARASHTRA,PALGHAR,0.22926384760582327
2021-05-11,MAHARASHTRA,RATNAGIRI,0.22255956956187548
2021-05-11,MAHARASHTRA,RAIGAD,0.20769966764024575
2021-05-11,MAHARASHTRA,GADCHIROLI,0.18550758056148037
2021-05-11,MAHARASHTRA,NANDED,0.18543740178103718
2021-05-11,MAHARASHTRA,AKOLA,0.17816505833213309
2021-05-11,MAHARASHTRA,YAVATMAL,0.1752988047808765
2021-05-11,MAHARASHTRA,BHANDARA,0.1685004564454908
2021-05-11,MAHARASHTRA,WASHIM,0.15856992639327025
2021-05-11,MAHARASHTRA,DHULE,0.15058715173842965
2021-05-11,MAHARASHTRA,MUMBAI SUBURBAN,0.1498688524590164
2021-05-11,MAHARASHTRA,NANDURBAR,0.14825287820642294
2021-05-11,MAHARASHTRA,THANE,0.12494632264638451
2021-05-11,MAHARASHTRA,JALGAON,0.11096962660574511
2021-05-11,MAHARASHTRA,AURANGABAD,0.10950004707654647
2021-05-11,MAHARASHTRA,MUMBAI,0.10339538623291483
2021-05-11,MANIPUR,IMPHAL EAST,0.30128956623681125
2021-05-11,MANIPUR,KAKCHING,0.265
2021-05-11,MANIPUR,IMPHAL WEST,0.20739371534195933
2021-05-11,MANIPUR,BISHNUPUR,0.20175989943431805
2021-05-11,MANIPUR,CHURACHANDPUR,0.15074441687344914
2021-05-11,MANIPUR,THOUBAL,0.1505281690140845
2021-05-11,MANIPUR,NONEY,0.14285714285714285
2021-05-11,MANIPUR,KANGPOKPI,0.1164021164021164
2021-05-11,MANIPUR,UKHRUL,0.10847457627118644
2021-05-11,MEGHALAYA,EAST KHASI HILLS,0.22399428707450608
2021-05-11,MEGHALAYA,SOUTH GARO HILLS,0.21030042918454936
2021-05-11,MEGHALAYA,RI BHOI,0.2074468085106383
2021-05-11,MEGHALAYA,WEST JAINTIA HILLS,0.14820143884892087
2021-05-11,MEGHALAYA,EAST JAINTIA HILLS,0.14354527938342967
2021-05-11,MEGHALAYA,WEST GARO HILLS,0.1240981240981241
2021-05-11,MEGHALAYA,NORTH GARO HILLS,0.10869565217391304
2021-05-11,MIZORAM,SERCHHIP,0.10542797494780794
2021-05-11,NAGALAND,MON,0.4925373134328358
2021-05-11,NAGALAND,DIMAPUR,0.26162962962962966
2021-05-11,NAGALAND,KOHIMA,0.21264367816091953
2021-05-11,NAGALAND,KIPHIRE,0.11842105263157894
2021-05-11,NAGALAND,PEREN,0.11538461538461539
2021-05-11,ODISHA,KALAHANDI,0.4669811320754717
2021-05-11,ODISHA,SAMBALPUR,0.4655535499398315
2021-05-11,ODISHA,SUNDARGARH,0.3416038559829198
2021-05-11,ODISHA,ANUGUL,0.3402440143106137
2021-05-11,ODISHA,KHORDHA,0.3331986842864562
2021-05-11,ODISHA,BARGARH,0.3261984392419175
2021-05-11,ODISHA,BOUDH,0.2865342163355408
2021-05-11,ODISHA,CUTTACK,0.27487745681244946
2021-05-11,ODISHA,PURI,0.2685628211944001
2021-05-11,ODISHA,BHADRAK,0.2545907251789605
2021-05-11,ODISHA,KENDUJHAR,0.24894248942489425
2021-05-11,ODISHA,NABARANGPUR,0.24651266599709853
2021-05-11,ODISHA,BALESHWAR,0.24588880187940484
2021-05-11,ODISHA,BALANGIR,0.2457627118644068
2021-05-11,ODISHA,NUAPADA,0.24077632590315143
2021-05-11,ODISHA,DEOGARH,0.23714839961202716
2021-05-11,ODISHA,JHARSUGUDA,0.2302228753367622
2021-05-11,ODISHA,JAJAPUR,0.19381306131500167
2021-05-11,ODISHA,DHENKANAL,0.18822724161533197
2021-05-11,ODISHA,SONEPUR,0.17835365853658536
2021-05-11,ODISHA,JAGATSINGHAPUR,0.1751412429378531
2021-05-11,ODISHA,RAYAGADA,0.16775905118601747
2021-05-11,ODISHA,NAYAGARH,0.15444466057187317
2021-05-11,ODISHA,GAJAPATI,0.13700727133562954
2021-05-11,ODISHA,MAYURBHANJ,0.1353832828064097
2021-05-11,ODISHA,KENDRAPARA,0.10958111548252719
2021-05-11,ODISHA,KANDHAMAL,0.10414858531504947
2021-05-11,PUDUCHERRY,YANAM,0.9101019462465245
2021-05-11,PUDUCHERRY,PONDICHERRY,0.44499307798800186
2021-05-11,PUDUCHERRY,MAHE,0.3080684596577017
2021-05-11,PUDUCHERRY,KARAIKAL,0.2826039625517091
2021-05-11,PUNJAB,S.A.S NAGAR,0.265001665001665
2021-05-11,PUNJAB,FAZILKA,0.2558065288530609
2021-05-11,PUNJAB,BATHINDA,0.25121917235613767
2021-05-11,PUNJAB,MANSA,0.249455768850188
2021-05-11,PUNJAB,PATHANKOT,0.24498908513593967
2021-05-11,PUNJAB,AMRITSAR,0.2328732926785778
2021-05-11,PUNJAB,SRI MUKTSAR SAHIB,0.191602424968191
2021-05-11,PUNJAB,FARIDKOT,0.18661377447670494
2021-05-11,PUNJAB,FIROZEPUR,0.176832393644285
2021-05-11,PUNJAB,LUDHIANA,0.1750513259921611
2021-05-11,PUNJAB,RUPNAGAR,0.1731263133317768
2021-05-11,PUNJAB,PATIALA,0.1692362390510359
2021-05-11,PUNJAB,JALANDHAR,0.16439696648454702
2021-05-11,PUNJAB,FATEHGARH SAHIB,0.13738019169329074
2021-05-11,PUNJAB,GURDASPUR,0.13598019438841005
2021-05-11,PUNJAB,MOGA,0.12280512765269848
2021-05-11,PUNJAB,HOSHIARPUR,0.10683688896354779
2021-05-11,RAJASTHAN,BIKANER,0.647413663097572
2021-05-11,RAJASTHAN,RAJSAMAND,0.5376712328767124
2021-05-11,RAJASTHAN,JHALAWAR,0.40902964959568733
2021-05-11,RAJASTHAN,UDAIPUR,0.40701150172200923
2021-05-11,RAJASTHAN,KOTA,0.38808949826728945
2021-05-11,RAJASTHAN,BHARATPUR,0.36803874092009686
2021-05-11,RAJASTHAN,PALI,0.3294460641399417
2021-05-11,RAJASTHAN,HANUMANGARH,0.3277027027027027
2021-05-11,RAJASTHAN,PRATAPGARH,0.325
2021-05-11,RAJASTHAN,GANGANAGAR,0.3015075376884422
2021-05-11,RAJASTHAN,CHURU,0.289544235924933
2021-05-11,RAJASTHAN,JAIPUR,0.28231449338251247
2021-05-11,RAJASTHAN,JHUNJHUNU,0.2776769509981851
2021-05-11,RAJASTHAN,BUNDI,0.2694610778443114
2021-05-11,RAJASTHAN,BARMER,0.2569444444444444
2021-05-11,RAJASTHAN,BHILWARA,0.2564734074419224
2021-05-11,RAJASTHAN,DAUSA,0.24669227486128895
2021-05-11,RAJASTHAN,DHOLPUR,0.24324324324324326
2021-05-11,RAJASTHAN,SAWAI MADHOPUR,0.23938223938223938
2021-05-11,RAJASTHAN,BANSWARA,0.23668639053254437
2021-05-11,RAJASTHAN,JODHPUR,0.23591982536217504
2021-05-11,RAJASTHAN,ALWAR,0.23218462498050835
2021-05-11,RAJASTHAN,TONK,0.22185430463576158
2021-05-11,RAJASTHAN,SIKAR,0.18867924528301888
2021-05-11,RAJASTHAN,NAGAUR,0.14671814671814673
2021-05-11,RAJASTHAN,KARAULI,0.14118912275311107
2021-05-11,RAJASTHAN,CHITTORGARH,0.12840909090909092
2021-05-11,SIKKIM,NORTH DISTRICT,0.3
2021-05-11,SIKKIM,SOUTH DISTRICT,0.27472527472527475
2021-05-11,SIKKIM,EAST DISTRICT,0.2537080405932865
2021-05-11,SIKKIM,WEST DISTRICT,0.15859030837004406
2021-05-11,TAMIL NADU,TIRUVANNAMALAI,0.4030399198262903
2021-05-11,TAMIL NADU,KRISHNAGIRI,0.3618983355825461
2021-05-11,TAMIL NADU,RANIPET,0.31845065522439986
2021-05-11,TAMIL NADU,TIRUPPUR,0.31235536490376475
2021-05-11,TAMIL NADU,CHENNAI,0.29632331342406737
2021-05-11,TAMIL NADU,NAGAPATTINAM,0.28230039084310443
2021-05-11,TAMIL NADU,COIMBATORE,0.27602225153409415
2021-05-11,TAMIL NADU,TUTICORIN,0.2588494559478445
2021-05-11,TAMIL NADU,DINDIGUL,0.24819986908138775
2021-05-11,TAMIL NADU,THENI,0.24292833578999087
2021-05-11,TAMIL NADU,VIRUDHUNAGAR,0.23635845562045876
2021-05-11,TAMIL NADU,VILLUPURAM,0.2358995192633218
2021-05-11,TAMIL NADU,ERODE,0.22746526265785202
2021-05-11,TAMIL NADU,CHENGALPATTU,0.21791874216393886
2021-05-11,TAMIL NADU,TENKASI,0.21733771569433033
2021-05-11,TAMIL NADU,KANNIYAKUMARI,0.2035331952949469
2021-05-11,TAMIL NADU,TIRUNELVELI,0.20320426107541428
2021-05-11,TAMIL NADU,THANJAVUR,0.20230323182352702
2021-05-11,TAMIL NADU,DHARMAPURI,0.1996734693877551
2021-05-11,TAMIL NADU,KANCHIPURAM,0.19262863606291483
2021-05-11,TAMIL NADU,TIRUPATHUR,0.19016022010033987
2021-05-11,TAMIL NADU,TIRUCHIRAPPALLI,0.18458097995928782
2021-05-11,TAMIL NADU,VELLORE,0.18391108758930935
2021-05-11,TAMIL NADU,THIRUVALLUR,0.17982268921359382
2021-05-11,TAMIL NADU,RAMANATHAPURAM,0.17661152310325157
2021-05-11,TAMIL NADU,KARUR,0.17625398089171976
2021-05-11,TAMIL NADU,SALEM,0.14706061158733053
2021-05-11,TAMIL NADU,KALLAKURICHI,0.14092438203890595
2021-05-11,TAMIL NADU,THIRUVARUR,0.13887841066264303
2021-05-11,TAMIL NADU,MADURAI,0.1348372093023256
2021-05-11,TAMIL NADU,THE NILGIRIS,0.13279074748340117
2021-05-11,TAMIL NADU,CUDDALORE,0.12611330456340097
2021-05-11,TAMIL NADU,NAMAKKAL,0.11794207145272174
2021-05-11,TAMIL NADU,SIVAGANGA,0.10602667705189368
2021-05-11,TRIPURA,WEST TRIPURA,0.17519566526189043
2021-05-11,UTTAR PRADESH,GHAZIABAD,0.29756840835502507
2021-05-11,UTTAR PRADESH,MORADABAD,0.2644382344511321
2021-05-11,UTTAR PRADESH,MUZAFFARNAGAR,0.26077038949860126
2021-05-11,UTTAR PRADESH,AMROHA,0.24347163538131192
2021-05-11,UTTAR PRADESH,BAREILLY,0.24222511582836206
2021-05-11,UTTAR PRADESH,HAPUR,0.24084598900586976
2021-05-11,UTTAR PRADESH,GAUTAM BUDDHA NAGAR,0.23891520698067664
2021-05-11,UTTAR PRADESH,MEERUT,0.23053720942326694
2021-05-11,UTTAR PRADESH,GHAZIPUR,0.21307339449541285
2021-05-11,UTTAR PRADESH,SAHARANPUR,0.2034818328524622
2021-05-11,UTTAR PRADESH,RAMPUR,0.1875629636413591
2021-05-11,UTTAR PRADESH,MATHURA,0.18509922246721597
2021-05-11,UTTAR PRADESH,PILIBHIT,0.17816174361915688
2021-05-11,UTTAR PRADESH,BUDAUN,0.16300969959506545
2021-05-11,UTTAR PRADESH,JHANSI,0.1629337433977402
2021-05-11,UTTAR PRADESH,CHANDAULI,0.1582997091113822
2021-05-11,UTTAR PRADESH,SHAMLI,0.15719815207891122
2021-05-11,UTTAR PRADESH,BIJNOR,0.15677330667333167
2021-05-11,UTTAR PRADESH,BAGHPAT,0.15004055150040552
2021-05-11,UTTAR PRADESH,BALLIA,0.1480801590943858
2021-05-11,UTTAR PRADESH,SHAHJAHANPUR,0.1443231220301284
2021-05-11,UTTAR PRADESH,AZAMGARH,0.14417563977066145
2021-05-11,UTTAR PRADESH,KHERI,0.13833199679230151
2021-05-11,UTTAR PRADESH,JAUNPUR,0.13161075853732246
2021-05-11,UTTAR PRADESH,FARRUKHABAD,0.1284246575342466
2021-05-11,UTTAR PRADESH,ETAH,0.12631578947368421
2021-05-11,UTTAR PRADESH,PRATAPGARH,0.1257653805034503
2021-05-11,UTTAR PRADESH,KUSHI NAGAR,0.11948433420365535
2021-05-11,UTTAR PRADESH,AURAIYA,0.1191631618677882
2021-05-11,UTTAR PRADESH,LUCKNOW,0.11820814530527322
2021-05-11,UTTAR PRADESH,JALAUN,0.11799628942486086
2021-05-11,UTTAR PRADESH,LALITPUR,0.11152416356877323
2021-05-11,UTTAR PRADESH,VARANASI,0.10897267017013547
2021-05-11,UTTAR PRADESH,KANPUR NAGAR,0.10695898743802176
2021-05-11,UTTAR PRADESH,GORAKHPUR,0.10548393540357401
2021-05-11,UTTAR PRADESH,BAHRAICH,0.10134271099744245
2021-05-11,UTTAR PRADESH,AYODHYA,0.10050251256281408
2021-05-11,UTTARAKHAND,NAINITAL,0.33713218723842636
2021-05-11,UTTARAKHAND,DEHRADUN,0.2902469245065935
2021-05-11,UTTARAKHAND,UDAM SINGH NAGAR,0.28643895840378764
2021-05-11,UTTARAKHAND,TEHRI GARHWAL,0.24135439248477342
2021-05-11,UTTARAKHAND,CHAMOLI,0.23375909902485922
2021-05-11,UTTARAKHAND,PAURI GARHWAL,0.2286457744088698
2021-05-11,UTTARAKHAND,CHAMPAWAT,0.2042849344978166
2021-05-11,UTTARAKHAND,RUDRA PRAYAG,0.19133034379671152
2021-05-11,UTTARAKHAND,UTTAR KASHI,0.19087594335622826
2021-05-11,UTTARAKHAND,PITHORAGARH,0.17898995535714285
2021-05-11,UTTARAKHAND,BAGESHWAR,0.11697191697191697
2021-05-11,UTTARAKHAND,ALMORA,0.11058823529411765
2021-05-11,WEST BENGAL,24 PARAGANAS NORTH,0.4673171062215221
2021-05-11,WEST BENGAL,KOLKATA,0.4436719136020329
2021-05-11,WEST BENGAL,PASCHIM BARDHAMAN,0.3916259095789097
2021-05-11,WEST BENGAL,NADIA,0.3895740212181593
2021-05-11,WEST BENGAL,DINAJPUR UTTAR,0.3869025902955126
2021-05-11,WEST BENGAL,BIRBHUM,0.38517407436646406
2021-05-11,WEST BENGAL,HOWRAH,0.36762504318452266
2021-05-11,WEST BENGAL,MALDAH,0.3415904846161408
2021-05-11,WEST BENGAL,JALPAIGURI,0.322354878550844
2021-05-11,WEST BENGAL,DARJEELING,0.32040700156539065
2021-05-11,WEST BENGAL,KALIMPONG,0.3074884029158383
2021-05-11,WEST BENGAL,24 PARAGANAS SOUTH,0.3072805586919249
2021-05-11,WEST BENGAL,DINAJPUR DAKSHIN,0.2929379499485773
2021-05-11,WEST BENGAL,MEDINIPUR EAST,0.289158611599297
2021-05-11,WEST BENGAL,HOOGHLY,0.2786197732840593
2021-05-11,WEST BENGAL,PURBA BARDHAMAN,0.2512163477132663
2021-05-11,WEST BENGAL,BANKURA,0.2397719651240778
2021-05-11,WEST BENGAL,MEDINIPUR WEST,0.2396237142709464
2021-05-11,WEST BENGAL,MURSHIDABAD,0.23657031953975186
2021-05-11,WEST BENGAL,PURULIA,0.19993207290841164
2021-05-11,WEST BENGAL,JHARGRAM,0.12550494497840925
2021-05-11,WEST BENGAL,COOCHBEHAR,0.11613365466032698
2021-05-11,WEST BENGAL,ALIPURDUAR,0.10024312698709557
2021-05-12,ANDAMAN AND NICOBAR ISLANDS,NORTH AND MIDDLE ANDAMAN,0.1320754716981132
2021-05-12,ANDAMAN AND NICOBAR ISLANDS,NICOBARS,0.125
2021-05-12,ANDHRA PRADESH,ANANTAPUR,0.3718381482618035
2021-05-12,ANDHRA PRADESH,CHITTOOR,0.3603505260923618
2021-05-12,ANDHRA PRADESH,VIZIANAGARAM,0.33103631062814737
2021-05-12,ANDHRA PRADESH,VISAKHAPATANAM,0.2945521970744916
2021-05-12,ANDHRA PRADESH,Y.S.R.,0.2831752640912946
2021-05-12,ANDHRA PRADESH,SRIKAKULAM,0.28258792343494743
2021-05-12,ANDHRA PRADESH,SPSR NELLORE,0.28081400792783795
2021-05-12,ANDHRA PRADESH,EAST GODAVARI,0.2571405210945165
2021-05-12,ANDHRA PRADESH,GUNTUR,0.2543132474166957
2021-05-12,ANDHRA PRADESH,KURNOOL,0.2491691227190067
2021-05-12,ANDHRA PRADESH,KRISHNA,0.1786033575047184
2021-05-12,ANDHRA PRADESH,WEST GODAVARI,0.14457658690356784
2021-05-12,ANDHRA PRADESH,PRAKASAM,0.10453947630624527
2021-05-12,ARUNACHAL PRADESH,CHANGLANG,0.9120879120879121
2021-05-12,ARUNACHAL PRADESH,DIBANG VALLEY,0.8181818181818182
2021-05-12,ARUNACHAL PRADESH,NAMSAI,0.6484375
2021-05-12,ARUNACHAL PRADESH,EAST KAMENG,0.5714285714285714
2021-05-12,ARUNACHAL PRADESH,TAWANG,0.37142857142857144
2021-05-12,ARUNACHAL PRADESH,LOWER SIANG,0.36018957345971564
2021-05-12,ARUNACHAL PRADESH,ANJAW,0.3333333333333333
2021-05-12,ARUNACHAL PRADESH,PAPUM PARE,0.20652173913043478
2021-05-12,ARUNACHAL PRADESH,UPPER SUBANSIRI,0.2
2021-05-12,ARUNACHAL PRADESH,LOWER DIBANG VALLEY,0.17276166456494324
2021-05-12,ARUNACHAL PRADESH,SHI YOMI,0.16666666666666666
2021-05-12,ARUNACHAL PRADESH,TIRAP,0.16666666666666666
2021-05-12,ARUNACHAL PRADESH,LEPARADA,0.14012738853503184
2021-05-12,ARUNACHAL PRADESH,LOWER SUBANSIRI,0.10138248847926268
2021-05-12,ASSAM,NALBARI,0.3656996587030717
2021-05-12,ASSAM,KOKRAJHAR,0.3538135593220339
2021-05-12,ASSAM,TINSUKIA,0.2314647377938517
2021-05-12,ASSAM,DIBRUGARH,0.21884317233154443
2021-05-12,ASSAM,KAMRUP METRO,0.20965937976614132
2021-05-12,ASSAM,HOJAI,0.20252707581227436
2021-05-12,ASSAM,KAMRUP,0.1861895628017726
2021-05-12,ASSAM,CACHAR,0.17961225766103814
2021-05-12,ASSAM,MARIGAON,0.17639657775541018
2021-05-12,ASSAM,GOLAGHAT,0.16192211341380094
2021-05-12,ASSAM,LAKHIMPUR,0.14701803051317613
2021-05-12,ASSAM,SONITPUR,0.1441369380899056
2021-05-12,ASSAM,HAILAKANDI,0.14411764705882352
2021-05-12,ASSAM,NAGAON,0.13766611295681064
2021-05-12,ASSAM,MAJULI,0.1282051282051282
2021-05-12,ASSAM,CHARAIDEO,0.12606341840680588
2021-05-12,ASSAM,DHUBRI,0.12572340850129715
2021-05-12,ASSAM,KARIMGANJ,0.12521098665029923
2021-05-12,ASSAM,DARRANG,0.11893883566691231
2021-05-12,ASSAM,DHEMAJI,0.11379727162838887
2021-05-12,ASSAM,BARPETA,0.11253048426431309
2021-05-12,ASSAM,BISWANATH,0.11102257636122179
2021-05-12,ASSAM,CHIRANG,0.10919540229885058
2021-05-12,ASSAM,DIMA HASAO,0.1047040971168437
2021-05-12,ASSAM,BONGAIGAON,0.10260743602124578
2021-05-12,ASSAM,BAKSA,0.10101010101010101
2021-05-12,BIHAR,JAMUI,0.25746091899573664
2021-05-12,BIHAR,MUZAFFARPUR,0.24087849805171804
2021-05-12,BIHAR,PASHCHIM CHAMPARAN,0.23178542834267413
2021-05-12,BIHAR,PATNA,0.22234062558766376
2021-05-12,BIHAR,SAHARSA,0.21317064417728332
2021-05-12,BIHAR,AURANGABAD,0.203242781965581
2021-05-12,BIHAR,MUNGER,0.20105820105820105
2021-05-12,BIHAR,PURNIA,0.19946154746576145
2021-05-12,BIHAR,SHEIKHPURA,0.18996415770609318
2021-05-12,BIHAR,BEGUSARAI,0.18685851318944843
2021-05-12,BIHAR,MADHUBANI,0.17379404721176872
2021-05-12,BIHAR,SAMASTIPUR,0.17272117320042174
2021-05-12,BIHAR,NALANDA,0.16892814862034422
2021-05-12,BIHAR,PURBI CHAMPARAN,0.1615279981863523
2021-05-12,BIHAR,SHEOHAR,0.1585040071237756
2021-05-12,BIHAR,SIWAN,0.1536471805483704
2021-05-12,BIHAR,GOPALGANJ,0.14906448121230864
2021-05-12,BIHAR,DARBHANGA,0.14521039893824655
2021-05-12,BIHAR,VAISHALI,0.14383471509409132
2021-05-12,BIHAR,ARWAL,0.13191581688001736
2021-05-12,BIHAR,KATIHAR,0.12947368421052632
2021-05-12,BIHAR,MADHEPURA,0.12599019238023387
2021-05-12,BIHAR,KHAGARIA,0.1226962457337884
2021-05-12,BIHAR,BHAGALPUR,0.11723274377836908
2021-05-12,BIHAR,ARARIA,0.10846426761277243
2021-05-12,BIHAR,GAYA,0.10047235343150875
2021-05-12,CHANDIGARH,CHANDIGARH,0.28243422141320534
2021-05-12,CHHATTISGARH,JANJGIR CHAMPA,0.43396474611944225
2021-05-12,CHHATTISGARH,KOREA,0.35769956518172125
2021-05-12,CHHATTISGARH,RAIGARH,0.32163214896446896
2021-05-12,CHHATTISGARH,BALODA BAZAR,0.2767331076845932
2021-05-12,CHHATTISGARH,GARIYABAND,0.26745762711864407
2021-05-12,CHHATTISGARH,BALRAMPUR,0.26467568030121513
2021-05-12,CHHATTISGARH,SURAJPUR,0.26189591078066915
2021-05-12,CHHATTISGARH,BILASPUR,0.2582169375356976
2021-05-12,CHHATTISGARH,DHAMTARI,0.24850147312811136
2021-05-12,CHHATTISGARH,MUNGELI,0.24783107935697882
2021-05-12,CHHATTISGARH,GAURELLA PENDRA MARWAHI,0.24088611678675126
2021-05-12,CHHATTISGARH,SURGUJA,0.2332920024798512
2021-05-12,CHHATTISGARH,KORBA,0.22175964474049403
2021-05-12,CHHATTISGARH,BALOD,0.2191495149152235
2021-05-12,CHHATTISGARH,BEMETARA,0.20917822838847386
2021-05-12,CHHATTISGARH,RAIPUR,0.19301868239921338
2021-05-12,CHHATTISGARH,MAHASAMUND,0.17084984588287097
2021-05-12,CHHATTISGARH,JASHPUR,0.16887551102924658
2021-05-12,CHHATTISGARH,DURG,0.1532781667727562
2021-05-12,CHHATTISGARH,RAJNANDGAON,0.1495748386435816
2021-05-12,CHHATTISGARH,KONDAGAON,0.14423702052568033
2021-05-12,CHHATTISGARH,BASTAR,0.1409559512652296
2021-05-12,CHHATTISGARH,KANKER,0.12141742629547507
2021-05-12,DELHI,WEST,0.37941938898766303
2021-05-12,DELHI,SOUTH WEST,0.3071166118739122
2021-05-12,DELHI,NEW DELHI,0.25894032316782883
2021-05-12,DELHI,NORTH WEST,0.24170318036017527
2021-05-12,DELHI,SOUTH,0.22576309230187006
2021-05-12,DELHI,EAST,0.19176609413924217
2021-05-12,DELHI,NORTH,0.18818082788671023
2021-05-12,DELHI,SOUTH EAST,0.15470156360396892
2021-05-12,DELHI,CENTRAL,0.15141130288491494
2021-05-12,DELHI,SHAHDARA,0.11084378759236982
2021-05-12,GOA,NORTH GOA,0.5069822956037398
2021-05-12,GOA,SOUTH GOA,0.4522906332068865
2021-05-12,GUJARAT,GIR SOMNATH,0.23519796585543043
2021-05-12,GUJARAT,PANCH MAHALS,0.23510384746339802
2021-05-12,GUJARAT,VADODARA,0.20558322079675895
2021-05-12,GUJARAT,BHAVNAGAR,0.19309765194095707
2021-05-12,GUJARAT,MAHESANA,0.18161744410709357
2021-05-12,GUJARAT,PATAN,0.1766807405001624
2021-05-12,GUJARAT,RAJKOT,0.16116630050625658
2021-05-12,GUJARAT,NARMADA,0.15797635200620275
2021-05-12,GUJARAT,DOHAD,0.15465974855318299
2021-05-12,GUJARAT,ARVALLI,0.14583333333333334
2021-05-12,GUJARAT,VALSAD,0.14379905808477236
2021-05-12,GUJARAT,KACHCHH,0.14233547670080177
2021-05-12,GUJARAT,JUNAGADH,0.13249927543232537
2021-05-12,GUJARAT,AMRELI,0.12309859154929577
2021-05-12,GUJARAT,TAPI,0.12217459080280592
2021-05-12,GUJARAT,JAMNAGAR,0.11847636842328761
2021-05-12,GUJARAT,NAVSARI,0.11591836734693878
2021-05-12,GUJARAT,BHARUCH,0.11509338717819283
2021-05-12,GUJARAT,GANDHINAGAR,0.10482562854825629
2021-05-12,GUJARAT,AHMADABAD,0.10154010267351157
2021-05-12,HARYANA,PANIPAT,0.4808101152512029
2021-05-12,HARYANA,REWARI,0.4792272183279193
2021-05-12,HARYANA,SONIPAT,0.4642035552457302
2021-05-12,HARYANA,BHIWANI,0.41674618320610685
2021-05-12,HARYANA,FARIDABAD,0.3744667791928802
2021-05-12,HARYANA,ROHTAK,0.37443367951488116
2021-05-12,HARYANA,HISAR,0.3698244260081034
2021-05-12,HARYANA,JIND,0.3689846471423042
2021-05-12,HARYANA,MAHENDRAGARH,0.3634543894766943
2021-05-12,HARYANA,KARNAL,0.34803957493587395
2021-05-12,HARYANA,CHARKI DADRI,0.3397495361781076
2021-05-12,HARYANA,NUH,0.3239841783531104
2021-05-12,HARYANA,GURUGRAM,0.32270646973164135
2021-05-12,HARYANA,FATEHABAD,0.3158034528552457
2021-05-12,HARYANA,PALWAL,0.3134800202326758
2021-05-12,HARYANA,YAMUNANAGAR,0.28740530303030304
2021-05-12,HARYANA,PANCHKULA,0.28706417080318164
2021-05-12,HARYANA,AMBALA,0.27739173939629774
2021-05-12,HARYANA,JHAJJAR,0.27666127666127666
2021-05-12,HARYANA,SIRSA,0.18946776611694152
2021-05-12,HARYANA,KURUKSHETRA,0.14512327196279542
2021-05-12,HARYANA,KAITHAL,0.12798634812286688
2021-05-12,HIMACHAL PRADESH,LAHUL AND SPITI,0.5850515463917526
2021-05-12,HIMACHAL PRADESH,SIRMAUR,0.39035165223537727
2021-05-12,HIMACHAL PRADESH,MANDI,0.3299877600979192
2021-05-12,HIMACHAL PRADESH,KANGRA,0.3143238196852494
2021-05-12,HIMACHAL PRADESH,SOLAN,0.2801140994295028
2021-05-12,HIMACHAL PRADESH,UNA,0.2594850948509485
2021-05-12,HIMACHAL PRADESH,BILASPUR,0.23469766291579078
2021-05-12,HIMACHAL PRADESH,KINNAUR,0.22298221614227087
2021-05-12,HIMACHAL PRADESH,SHIMLA,0.18502601221443113
2021-05-12,HIMACHAL PRADESH,KULLU,0.17620481927710843
2021-05-12,HIMACHAL PRADESH,CHAMBA,0.14420539882281308
2021-05-12,HIMACHAL PRADESH,HAMIRPUR,0.13643620287363378
2021-05-12,JAMMU AND KASHMIR,JAMMU,0.3539878397711016
2021-05-12,JAMMU AND KASHMIR,BUDGAM,0.17984344422700588
2021-05-12,JAMMU AND KASHMIR,PULWAMA,0.161369622475856
2021-05-12,JAMMU AND KASHMIR,ANANTNAG,0.1599836333878887
2021-05-12,JAMMU AND KASHMIR,SRINAGAR,0.1590274250888776
2021-05-12,JAMMU AND KASHMIR,REASI,0.1467823571945047
2021-05-12,JAMMU AND KASHMIR,UDHAMPUR,0.1277854714843258
2021-05-12,JAMMU AND KASHMIR,KULGAM,0.11446582614465826
2021-05-12,JAMMU AND KASHMIR,KUPWARA,0.11284335560504825
2021-05-12,JAMMU AND KASHMIR,KATHUA,0.10444550669216061
2021-05-12,JHARKHAND,GUMLA,0.2580925861468848
2021-05-12,JHARKHAND,RAMGARH,0.21485731541597464
2021-05-12,JHARKHAND,RANCHI,0.20422481116374344
2021-05-12,JHARKHAND,BOKARO,0.20175729442970822
2021-05-12,JHARKHAND,KODERMA,0.20116959064327486
2021-05-12,JHARKHAND,EAST SINGHBUM,0.19604243166054672
2021-05-12,JHARKHAND,LOHARDAGA,0.18490016638935108
2021-05-12,JHARKHAND,GARHWA,0.17881669307976755
2021-05-12,JHARKHAND,HAZARIBAGH,0.17171666749862727
2021-05-12,JHARKHAND,LATEHAR,0.16584802080323605
2021-05-12,JHARKHAND,WEST SINGHBHUM,0.16364168618266978
2021-05-12,JHARKHAND,GIRIDIH,0.1407967844898924
2021-05-12,JHARKHAND,PALAMU,0.13661613784012805
2021-05-12,JHARKHAND,SIMDEGA,0.12451937296657793
2021-05-12,JHARKHAND,CHATRA,0.10980580196595541
2021-05-12,KARNATAKA,UTTARA KANNADA,0.46631158455392807
2021-05-12,KARNATAKA,BALLARI,0.4519348268839104
2021-05-12,KARNATAKA,HASSAN,0.43178164654376305
2021-05-12,KARNATAKA,MYSURU,0.4215655632902401
2021-05-12,KARNATAKA,SHIVAMOGGA,0.3945599402464833
2021-05-12,KARNATAKA,TUMAKURU,0.380634835956255
2021-05-12,KARNATAKA,BENGALURU RURAL,0.37014631933154374
2021-05-12,KARNATAKA,KOLAR,0.3697991637535129
2021-05-12,KARNATAKA,UDUPI,0.3587044946105349
2021-05-12,KARNATAKA,KODAGU,0.35393214201369755
2021-05-12,KARNATAKA,BENGALURU URBAN,0.3467142577743008
2021-05-12,KARNATAKA,CHAMARAJANAGARA,0.33364661654135336
2021-05-12,KARNATAKA,BAGALKOTE,0.32645916263008967
2021-05-12,KARNATAKA,DAKSHINA KANNADA,0.321939173381856
2021-05-12,KARNATAKA,DHARWAD,0.3185045385099308
2021-05-12,KARNATAKA,KOPPAL,0.3113039841054063
2021-05-12,KARNATAKA,GADAG,0.30020817355100254
2021-05-12,KARNATAKA,RAICHUR,0.2965353864376666
2021-05-12,KARNATAKA,KALABURAGI,0.2846079380445305
2021-05-12,KARNATAKA,BELAGAVI,0.2829622834562326
2021-05-12,KARNATAKA,CHIKKAMAGALURU,0.28006180303641004
2021-05-12,KARNATAKA,RAMANAGARA,0.26573492167714097
2021-05-12,KARNATAKA,VIJAYAPURA,0.26442658875091307
2021-05-12,KARNATAKA,MANDYA,0.24891876256852427
2021-05-12,KARNATAKA,CHIKKABALLAPURA,0.24390108363434287
2021-05-12,KARNATAKA,YADGIR,0.22696875935722127
2021-05-12,KARNATAKA,DAVANGERE,0.195182846232927
2021-05-12,KARNATAKA,BIDAR,0.14496934727731697
2021-05-12,KARNATAKA,HAVERI,0.1179362834242608
2021-05-12,KERALA,MALAPPURAM,0.35023858789747053
2021-05-12,KERALA,PALAKKAD,0.3005191284779051
2021-05-12,KERALA,ERNAKULAM,0.29900431903655483
2021-05-12,KERALA,THIRUVANANTHAPURAM,0.2969785087918579
2021-05-12,KERALA,KANNUR,0.2958429091818708
2021-05-12,KERALA,KOTTAYAM,0.2787299570483517
2021-05-12,KERALA,ALAPPUZHA,0.2783420779562428
2021-05-12,KERALA,THRISSUR,0.2762789601359248
2021-05-12,KERALA,KOZHIKODE,0.2734032396394647
2021-05-12,KERALA,KASARAGOD,0.25962844093321813
2021-05-12,KERALA,WAYANAD,0.25821799307958476
2021-05-12,KERALA,KOLLAM,0.24062002191768442
2021-05-12,KERALA,PATHANAMTHITTA,0.238653505173737
2021-05-12,KERALA,IDUKKI,0.236546129520143
2021-05-12,LADAKH,LEH LADAKH,0.21198013656114215
2021-05-12,MADHYA PRADESH,SHAHDOL,0.47798421990328327
2021-05-12,MADHYA PRADESH,VIDISHA,0.4171928120446819
2021-05-12,MADHYA PRADESH,JABALPUR,0.376023976023976
2021-05-12,MADHYA PRADESH,ANUPPUR,0.37544483985765126
2021-05-12,MADHYA PRADESH,SIDHI,0.36132140399174123
2021-05-12,MADHYA PRADESH,SINGRAULI,0.35894039735099337
2021-05-12,MADHYA PRADESH,SAGAR,0.35090224587822927
2021-05-12,MADHYA PRADESH,RATLAM,0.32973234440503063
2021-05-12,MADHYA PRADESH,REWA,0.31605479452054797
2021-05-12,MADHYA PRADESH,DATIA,0.3139723801787165
2021-05-12,MADHYA PRADESH,UMARIA,0.3050496688741722
2021-05-12,MADHYA PRADESH,KATNI,0.30189274447949527
2021-05-12,MADHYA PRADESH,INDORE,0.29868611842689313
2021-05-12,MADHYA PRADESH,CHHATARPUR,0.29645476772616136
2021-05-12,MADHYA PRADESH,DAMOH,0.27110552763819096
2021-05-12,MADHYA PRADESH,MANDSAUR,0.2648029508833236
2021-05-12,MADHYA PRADESH,NARSINGHPUR,0.25906735751295334
2021-05-12,MADHYA PRADESH,GWALIOR,0.2541874928459689
2021-05-12,MADHYA PRADESH,UJJAIN,0.2518202360030128
2021-05-12,MADHYA PRADESH,BETUL,0.24342105263157895
2021-05-12,MADHYA PRADESH,SHIVPURI,0.24229017566688354
2021-05-12,MADHYA PRADESH,MANDLA,0.24087591240875914
2021-05-12,MADHYA PRADESH,BHOPAL,0.23136550550645177
2021-05-12,MADHYA PRADESH,DINDORI,0.2301389383683648
2021-05-12,MADHYA PRADESH,RAISEN,0.22899934881701758
2021-05-12,MADHYA PRADESH,DHAR,0.21138585393904544
2021-05-12,MADHYA PRADESH,HARDA,0.20266013300665034
2021-05-12,MADHYA PRADESH,SEONI,0.20089820359281438
2021-05-12,MADHYA PRADESH,HOSHANGABAD,0.19765166340508805
2021-05-12,MADHYA PRADESH,SEHORE,0.19730527870062753
2021-05-12,MADHYA PRADESH,KHARGONE,0.1885207652823145
2021-05-12,MADHYA PRADESH,NEEMUCH,0.18282175551965535
2021-05-12,MADHYA PRADESH,MORENA,0.1809224318658281
2021-05-12,MADHYA PRADESH,SATNA,0.17954900014182384
2021-05-12,MADHYA PRADESH,PANNA,0.17872648335745298
2021-05-12,MADHYA PRADESH,SHAJAPUR,0.17080745341614906
2021-05-12,MADHYA PRADESH,BALAGHAT,0.16383724063594718
2021-05-12,MADHYA PRADESH,NIWARI,0.16284860557768924
2021-05-12,MADHYA PRADESH,SHEOPUR,0.16192994051553206
2021-05-12,MADHYA PRADESH,RAJGARH,0.1481818181818182
2021-05-12,MADHYA PRADESH,TIKAMGARH,0.14116675839295542
2021-05-12,MADHYA PRADESH,BARWANI,0.12946600076834422
2021-05-12,MADHYA PRADESH,JHABUA,0.12281808622502628
2021-05-12,MADHYA PRADESH,ASHOKNAGAR,0.11496350364963503
2021-05-12,MADHYA PRADESH,AGAR MALWA,0.11354019746121298
2021-05-12,MAHARASHTRA,AHMEDNAGAR,0.4022391921346024
2021-05-12,MAHARASHTRA,BULDHANA,0.35742528735632184
2021-05-12,MAHARASHTRA,SATARA,0.3417161745655961
2021-05-12,MAHARASHTRA,CHANDRAPUR,0.33230968159043156
2021-05-12,MAHARASHTRA,NASHIK,0.33225155891420755
2021-05-12,MAHARASHTRA,HINGOLI,0.3241106719367589
2021-05-12,MAHARASHTRA,SINDHUDURG,0.3235509904622157
2021-05-12,MAHARASHTRA,BEED,0.31695232994108197
2021-05-12,MAHARASHTRA,AMRAVATI,0.31054702872884693
2021-05-12,MAHARASHTRA,SANGLI,0.30692273125044345
2021-05-12,MAHARASHTRA,PARBHANI,0.3035941071882144
2021-05-12,MAHARASHTRA,GONDIA,0.2940553889574881
2021-05-12,MAHARASHTRA,JALNA,0.28660393961957625
2021-05-12,MAHARASHTRA,OSMANABAD,0.2647577844822679
2021-05-12,MAHARASHTRA,WARDHA,0.2576801890508074
2021-05-12,MAHARASHTRA,SOLAPUR,0.2503090447084678
2021-05-12,MAHARASHTRA,RATNAGIRI,0.2449127288207748
2021-05-12,MAHARASHTRA,KOLHAPUR,0.23812448812448814
2021-05-12,MAHARASHTRA,PALGHAR,0.2289858257334359
2021-05-12,MAHARASHTRA,PUNE,0.22473976676841198
2021-05-12,MAHARASHTRA,NAGPUR,0.22240306872069188
2021-05-12,MAHARASHTRA,LATUR,0.22205218170281066
2021-05-12,MAHARASHTRA,RAIGAD,0.19878946423533636
2021-05-12,MAHARASHTRA,AKOLA,0.1820739732244157
2021-05-12,MAHARASHTRA,GADCHIROLI,0.17948247384841257
2021-05-12,MAHARASHTRA,NANDED,0.17766036020680642
2021-05-12,MAHARASHTRA,YAVATMAL,0.16721991701244812
2021-05-12,MAHARASHTRA,DHULE,0.16410175879396985
2021-05-12,MAHARASHTRA,WASHIM,0.15841328572043195
2021-05-12,MAHARASHTRA,BHANDARA,0.15389801126787692
2021-05-12,MAHARASHTRA,MUMBAI SUBURBAN,0.14411180427281917
2021-05-12,MAHARASHTRA,NANDURBAR,0.13785648100483888
2021-05-12,MAHARASHTRA,JALGAON,0.11911073273610279
2021-05-12,MAHARASHTRA,THANE,0.1190127835660977
2021-05-12,MAHARASHTRA,AURANGABAD,0.11289401087151696
2021-05-12,MANIPUR,IMPHAL EAST,0.3162921348314607
2021-05-12,MANIPUR,KAKCHING,0.2529182879377432
2021-05-12,MANIPUR,IMPHAL WEST,0.21907118385991625
2021-05-12,MANIPUR,BISHNUPUR,0.2
2021-05-12,MANIPUR,THOUBAL,0.166532582461786
2021-05-12,MANIPUR,NONEY,0.16
2021-05-12,MANIPUR,CHURACHANDPUR,0.154375
2021-05-12,MANIPUR,KANGPOKPI,0.11538461538461539
2021-05-12,MEGHALAYA,EAST KHASI HILLS,0.2402694610778443
2021-05-12,MEGHALAYA,RI BHOI,0.22709923664122136
2021-05-12,MEGHALAYA,SOUTH GARO HILLS,0.20689655172413793
2021-05-12,MEGHALAYA,WEST JAINTIA HILLS,0.15691868758915833
2021-05-12,MEGHALAYA,EAST JAINTIA HILLS,0.13183520599250936
2021-05-12,MEGHALAYA,SOUTH WEST GARO HILLS,0.125
2021-05-12,MEGHALAYA,WEST GARO HILLS,0.11926605504587157
2021-05-12,MEGHALAYA,NORTH GARO HILLS,0.10344827586206896
2021-05-12,MIZORAM,KHAWZAWL,0.10784313725490197
2021-05-12,NAGALAND,MON,0.5238095238095238
2021-05-12,NAGALAND,DIMAPUR,0.28726708074534163
2021-05-12,NAGALAND,KOHIMA,0.23174603174603176
2021-05-12,ODISHA,KALAHANDI,0.4713564856040368
2021-05-12,ODISHA,SAMBALPUR,0.43935765600788845
2021-05-12,ODISHA,KHORDHA,0.35125363745921634
2021-05-12,ODISHA,ANUGUL,0.3343994314143568
2021-05-12,ODISHA,SUNDARGARH,0.3237585199610516
2021-05-12,ODISHA,BARGARH,0.3095577746077033
2021-05-12,ODISHA,BHADRAK,0.2956831192944453
2021-05-12,ODISHA,BOUDH,0.28088578088578087
2021-05-12,ODISHA,CUTTACK,0.2735974854748071
2021-05-12,ODISHA,PURI,0.26519634211941906
2021-05-12,ODISHA,BALANGIR,0.25065616797900264
2021-05-12,ODISHA,NUAPADA,0.24823390894819466
2021-05-12,ODISHA,BALESHWAR,0.24725897920604914
2021-05-12,ODISHA,KENDUJHAR,0.24526315789473685
2021-05-12,ODISHA,NABARANGPUR,0.2323889317605556
2021-05-12,ODISHA,JHARSUGUDA,0.2246367813237303
2021-05-12,ODISHA,DEOGARH,0.22369624885635864
2021-05-12,ODISHA,SONEPUR,0.22132915114683396
2021-05-12,ODISHA,DHENKANAL,0.2029134532990574
2021-05-12,ODISHA,JAJAPUR,0.19316002556999787
2021-05-12,ODISHA,JAGATSINGHAPUR,0.19064804644594383
2021-05-12,ODISHA,RAYAGADA,0.17679648036499918
2021-05-12,ODISHA,NAYAGARH,0.1634689178818112
2021-05-12,ODISHA,MAYURBHANJ,0.13635196439270736
2021-05-12,ODISHA,GAJAPATI,0.13426362436356779
2021-05-12,ODISHA,KENDRAPARA,0.1104909442988951
2021-05-12,ODISHA,KANDHAMAL,0.10549107916161442
2021-05-12,ODISHA,GANJAM,0.10193742726090231
2021-05-12,PUDUCHERRY,YANAM,0.8306976744186046
2021-05-12,PUDUCHERRY,PONDICHERRY,0.44169325484204375
2021-05-12,PUDUCHERRY,MAHE,0.3483309143686502
2021-05-12,PUDUCHERRY,KARAIKAL,0.287593984962406
2021-05-12,PUNJAB,S.A.S NAGAR,0.2617332099418297
2021-05-12,PUNJAB,MANSA,0.2520746887966805
2021-05-12,PUNJAB,BATHINDA,0.24366357025766047
2021-05-12,PUNJAB,FAZILKA,0.2390576988733356
2021-05-12,PUNJAB,PATHANKOT,0.23256433007985802
2021-05-12,PUNJAB,AMRITSAR,0.22668832047638382
2021-05-12,PUNJAB,FIROZEPUR,0.18699934340118188
2021-05-12,PUNJAB,SRI MUKTSAR SAHIB,0.1828810941981028
2021-05-12,PUNJAB,FARIDKOT,0.17956459558239313
2021-05-12,PUNJAB,RUPNAGAR,0.17566921606118546
2021-05-12,PUNJAB,LUDHIANA,0.16985455269974098
2021-05-12,PUNJAB,JALANDHAR,0.16769559539356524
2021-05-12,PUNJAB,PATIALA,0.1615678469391031
2021-05-12,PUNJAB,FATEHGARH SAHIB,0.14145207439198856
2021-05-12,PUNJAB,GURDASPUR,0.13709226467847158
2021-05-12,PUNJAB,MOGA,0.12173717371737174
2021-05-12,PUNJAB,HOSHIARPUR,0.10925382729939326
2021-05-12,PUNJAB,SANGRUR,0.10705394190871369
2021-05-12,RAJASTHAN,BIKANER,0.5649640041138155
2021-05-12,RAJASTHAN,RAJSAMAND,0.5197132616487455
2021-05-12,RAJASTHAN,JHALAWAR,0.3870246085011186
2021-05-12,RAJASTHAN,KOTA,0.3766822757272962
2021-05-12,RAJASTHAN,UDAIPUR,0.3759031622407807
2021-05-12,RAJASTHAN,PRATAPGARH,0.3617021276595745
2021-05-12,RAJASTHAN,BHARATPUR,0.35990338164251207
2021-05-12,RAJASTHAN,BANSWARA,0.328804347826087
2021-05-12,RAJASTHAN,HANUMANGARH,0.29605263157894735
2021-05-12,RAJASTHAN,JHUNJHUNU,0.2912966252220249
2021-05-12,RAJASTHAN,JAIPUR,0.28026011599767464
2021-05-12,RAJASTHAN,CHURU,0.2802056555269923
2021-05-12,RAJASTHAN,GANGANAGAR,0.2774566473988439
2021-05-12,RAJASTHAN,BHILWARA,0.27678879062823014
2021-05-12,RAJASTHAN,BUNDI,0.2617801047120419
2021-05-12,RAJASTHAN,DAUSA,0.24471299093655588
2021-05-12,RAJASTHAN,BARMER,0.24444444444444444
2021-05-12,RAJASTHAN,JODHPUR,0.24116464310571495
2021-05-12,RAJASTHAN,ALWAR,0.23227981046358262
2021-05-12,RAJASTHAN,TONK,0.2169811320754717
2021-05-12,RAJASTHAN,SAWAI MADHOPUR,0.21455938697318008
2021-05-12,RAJASTHAN,SIKAR,0.21148036253776434
2021-05-12,RAJASTHAN,NAGAUR,0.16704805491990846
2021-05-12,RAJASTHAN,SIROHI,0.16495806150978565
2021-05-12,RAJASTHAN,KARAULI,0.15378833433553818
2021-05-12,RAJASTHAN,PALI,0.15309446254071662
2021-05-12,RAJASTHAN,CHITTORGARH,0.12603305785123967
2021-05-12,RAJASTHAN,DHOLPUR,0.11026615969581749
2021-05-12,SIKKIM,EAST DISTRICT,0.25050369375419745
2021-05-12,SIKKIM,SOUTH DISTRICT,0.22614840989399293
2021-05-12,SIKKIM,NORTH DISTRICT,0.1875
2021-05-12,SIKKIM,WEST DISTRICT,0.18452380952380953
2021-05-12,TAMIL NADU,TIRUVANNAMALAI,0.44345592956067137
2021-05-12,TAMIL NADU,KRISHNAGIRI,0.3372415706951575
2021-05-12,TAMIL NADU,RANIPET,0.3113990226162064
2021-05-12,TAMIL NADU,COIMBATORE,0.30298933011963197
2021-05-12,TAMIL NADU,TIRUPPUR,0.3023671281822242
2021-05-12,TAMIL NADU,CHENNAI,0.29867591663669574
2021-05-12,TAMIL NADU,NAGAPATTINAM,0.2800624094505739
2021-05-12,TAMIL NADU,TUTICORIN,0.2662703518033805
2021-05-12,TAMIL NADU,THENI,0.2654432483202081
2021-05-12,TAMIL NADU,VIRUDHUNAGAR,0.2571428571428571
2021-05-12,TAMIL NADU,DINDIGUL,0.251124829967563
2021-05-12,TAMIL NADU,ERODE,0.24522589659990685
2021-05-12,TAMIL NADU,VILLUPURAM,0.2440499671268902
2021-05-12,TAMIL NADU,CHENGALPATTU,0.23431016597510373
2021-05-12,TAMIL NADU,TENKASI,0.22698178237321517
2021-05-12,TAMIL NADU,KANNIYAKUMARI,0.22229074165433316
2021-05-12,TAMIL NADU,THANJAVUR,0.21999915757550229
2021-05-12,TAMIL NADU,KANCHIPURAM,0.20761933904528765
2021-05-12,TAMIL NADU,TIRUNELVELI,0.2070198105081826
2021-05-12,TAMIL NADU,TIRUPATHUR,0.1950419527078566
2021-05-12,TAMIL NADU,THIRUVALLUR,0.19447740448181172
2021-05-12,TAMIL NADU,KARUR,0.1862815147494131
2021-05-12,TAMIL NADU,KALLAKURICHI,0.18457957190711408
2021-05-12,TAMIL NADU,TIRUCHIRAPPALLI,0.18269742928429256
2021-05-12,TAMIL NADU,VELLORE,0.17846085802742148
2021-05-12,TAMIL NADU,DHARMAPURI,0.1753942279083606
2021-05-12,TAMIL NADU,RAMANATHAPURAM,0.16127975540511028
2021-05-12,TAMIL NADU,SALEM,0.1549261679980634
2021-05-12,TAMIL NADU,NAMAKKAL,0.1405379500389385
2021-05-12,TAMIL NADU,MADURAI,0.13616243409423956
2021-05-12,TAMIL NADU,THIRUVARUR,0.13441031862588596
2021-05-12,TAMIL NADU,CUDDALORE,0.12760506478789968
2021-05-12,TAMIL NADU,THE NILGIRIS,0.12377981282077086
2021-05-12,TAMIL NADU,PERAMBALUR,0.12297181895815543
2021-05-12,TAMIL NADU,SIVAGANGA,0.10949667616334283
2021-05-12,TRIPURA,WEST TRIPURA,0.17929910350448247
2021-05-12,UTTAR PRADESH,GHAZIABAD,0.27910889453048715
2021-05-12,UTTAR PRADESH,MUZAFFARNAGAR,0.24988085199985335
2021-05-12,UTTAR PRADESH,MORADABAD,0.23914689933048563
2021-05-12,UTTAR PRADESH,GAUTAM BUDDHA NAGAR,0.2387478087838158
2021-05-12,UTTAR PRADESH,MEERUT,0.2289295649974709
2021-05-12,UTTAR PRADESH,BAREILLY,0.22890092153902222
2021-05-12,UTTAR PRADESH,SAHARANPUR,0.20631983488719663
2021-05-12,UTTAR PRADESH,HAPUR,0.19860999732691795
2021-05-12,UTTAR PRADESH,AMROHA,0.19343512262595094
2021-05-12,UTTAR PRADESH,GHAZIPUR,0.19270580062521708
2021-05-12,UTTAR PRADESH,MATHURA,0.18655808788535772
2021-05-12,UTTAR PRADESH,PILIBHIT,0.17723060271933977
2021-05-12,UTTAR PRADESH,RAMPUR,0.1741952460310499
2021-05-12,UTTAR PRADESH,BIJNOR,0.17203591233166093
2021-05-12,UTTAR PRADESH,CHANDAULI,0.16243309829241356
2021-05-12,UTTAR PRADESH,BUDAUN,0.16114290595370293
2021-05-12,UTTAR PRADESH,JHANSI,0.14984384759525296
2021-05-12,UTTAR PRADESH,BALLIA,0.14585748064351617
2021-05-12,UTTAR PRADESH,KHERI,0.14087236147757257
2021-05-12,UTTAR PRADESH,BAGHPAT,0.1402068366621931
2021-05-12,UTTAR PRADESH,SHAMLI,0.12817245407242223
2021-05-12,UTTAR PRADESH,AZAMGARH,0.1274059003051882
2021-05-12,UTTAR PRADESH,FARRUKHABAD,0.12475811041548093
2021-05-12,UTTAR PRADESH,SHAHJAHANPUR,0.12007347362536437
2021-05-12,UTTAR PRADESH,LUCKNOW,0.11823608584033299
2021-05-12,UTTAR PRADESH,KUSHI NAGAR,0.11728717234980283
2021-05-12,UTTAR PRADESH,ETAH,0.11709298306256481
2021-05-12,UTTAR PRADESH,AURAIYA,0.11555003345120902
2021-05-12,UTTAR PRADESH,GORAKHPUR,0.11519556421399671
2021-05-12,UTTAR PRADESH,KANPUR NAGAR,0.11015478390924612
2021-05-12,UTTAR PRADESH,JALAUN,0.10937758421081648
2021-05-12,UTTAR PRADESH,PRATAPGARH,0.10578393881453155
2021-05-12,UTTAR PRADESH,VARANASI,0.10199393767168703
2021-05-12,UTTAR PRADESH,BAHRAICH,0.1007624150010303
2021-05-12,UTTARAKHAND,NAINITAL,0.3410080524903072
2021-05-12,UTTARAKHAND,DEHRADUN,0.2885867735940175
2021-05-12,UTTARAKHAND,UDAM SINGH NAGAR,0.27355390845877586
2021-05-12,UTTARAKHAND,PAURI GARHWAL,0.24421052631578946
2021-05-12,UTTARAKHAND,TEHRI GARHWAL,0.22992185293286885
2021-05-12,UTTARAKHAND,CHAMOLI,0.21484784889821615
2021-05-12,UTTARAKHAND,CHAMPAWAT,0.20105248954257185
2021-05-12,UTTARAKHAND,RUDRA PRAYAG,0.19792498004788509
2021-05-12,UTTARAKHAND,UTTAR KASHI,0.19623315715030148
2021-05-12,UTTARAKHAND,PITHORAGARH,0.19077533476607703
2021-05-12,UTTARAKHAND,ALMORA,0.13452914798206278
2021-05-12,UTTARAKHAND,BAGESHWAR,0.11839293346630574
2021-05-12,UTTARAKHAND,HARIDWAR,0.11065673963773752
2021-05-12,WEST BENGAL,24 PARAGANAS NORTH,0.460019150559099
2021-05-12,WEST BENGAL,KOLKATA,0.43596215251690457
2021-05-12,WEST BENGAL,NADIA,0.39599520258643167
2021-05-12,WEST BENGAL,PASCHIM BARDHAMAN,0.37932230831502256
2021-05-12,WEST BENGAL,BIRBHUM,0.3611261925075622
2021-05-12,WEST BENGAL,HOWRAH,0.3574612296017976
2021-05-12,WEST BENGAL,DINAJPUR UTTAR,0.35716918540361225
2021-05-12,WEST BENGAL,DARJEELING,0.32673735395421083
2021-05-12,WEST BENGAL,MALDAH,0.32632967925294354
2021-05-12,WEST BENGAL,JALPAIGURI,0.3186921653300432
2021-05-12,WEST BENGAL,24 PARAGANAS SOUTH,0.3025431762911669
2021-05-12,WEST BENGAL,DINAJPUR DAKSHIN,0.28717681762970676
2021-05-12,WEST BENGAL,MEDINIPUR EAST,0.2849949108051642
2021-05-12,WEST BENGAL,HOOGHLY,0.271650133837191
2021-05-12,WEST BENGAL,PURBA BARDHAMAN,0.25404326822096196
2021-05-12,WEST BENGAL,MURSHIDABAD,0.2503988347090241
2021-05-12,WEST BENGAL,MEDINIPUR WEST,0.24723546234509056
2021-05-12,WEST BENGAL,BANKURA,0.24716171894710284
2021-05-12,WEST BENGAL,KALIMPONG,0.22784810126582278
2021-05-12,WEST BENGAL,PURULIA,0.2008532226449902
2021-05-12,WEST BENGAL,JHARGRAM,0.13570909090909092
2021-05-12,WEST BENGAL,ALIPURDUAR,0.11709784088698696
2021-05-12,WEST BENGAL,COOCHBEHAR,0.11635937194605511
