Date,State,Weekly Cases,Weekly Tests,Test Positivity Rate
2021-04-01,ANDAMAN AND NICOBAR ISLANDS,42,11052,0.004
2021-04-01,ANDHRA PRADESH,6868,242778,0.028
2021-04-01,ARUNACHAL PRADESH,3,1442,0.002
2021-04-01,ASSAM,313,75578,0.004
2021-04-01,BIHAR,1587,379082,0.004
2021-04-01,CHANDIGARH,1869,13818,0.135
2021-04-01,CHHATTISGARH,19493,215520,0.09
2021-04-01,DELHI,11203,519199,0.022
2021-04-01,GOA,1058,13872,0.076
2021-04-01,GUJARAT,15529,570468,0.027
2021-04-01,HARYANA,8231,148939,0.055
2021-04-01,HIMACHAL PRADESH,2304,44192,0.052
2021-04-01,JAMMU AND KASHMIR,1929,220829,0.009
2021-04-01,JHARKHAND,2506,78364,0.032
2021-04-01,KARNATAKA,21049,737093,0.029
2021-04-01,KERALA,14676,348157,0.042
2021-04-01,LAKSHADWEEP,24,2358,0.01
2021-04-01,MADHYA PRADESH,15222,174542,0.087
2021-04-01,MAHARASHTRA,248099,1066836,0.233
2021-04-01,MANIPUR,38,4693,0.008
2021-04-01,MEGHALAYA,46,7459,0.006
2021-04-01,MIZORAM,21,4522,0.005
2021-04-01,NAGALAND,114,812,0.14
2021-04-01,ODISHA,1671,182592,0.009
2021-04-01,PUDUCHERRY,823,14284,0.058
2021-04-01,PUNJAB,19458,228152,0.085
2021-04-01,RAJASTHAN,5974,182066,0.033
2021-04-01,SIKKIM,25,859,0.029
2021-04-01,TAMIL NADU,15233,584250,0.026
2021-04-01,TELANGANA,3591,362496,0.01
2021-04-01,UTTAR PRADESH,7751,825495,0.009
2021-04-01,UTTARAKHAND,1531,70208,0.022
2021-04-01,WEST BENGAL,5050,157528,0.032
2021-04-02,ANDAMAN AND NICOBAR ISLANDS,42,10841,0.004
2021-04-02,ANDHRA PRADESH,7381,239391,0.031
2021-04-02,ARUNACHAL PRADESH,3,1408,0.002
2021-04-02,ASSAM,331,73622,0.004
2021-04-02,BIHAR,1817,386560,0.005
2021-04-02,CHANDIGARH,1900,13830,0.137
2021-04-02,CHHATTISGARH,21691,217767,0.1
2021-04-02,DELHI,12478,507436,0.025
2021-04-02,GOA,1134,14293,0.079
2021-04-02,GUJARAT,15978,589785,0.027
2021-04-02,HARYANA,8787,148240,0.059
2021-04-02,HIMACHAL PRADESH,2398,43958,0.055
2021-04-02,JAMMU AND KASHMIR,2218,231254,0.01
2021-04-02,JHARKHAND,2918,83555,0.035
2021-04-02,KARNATAKA,22760,744429,0.031
2021-04-02,KERALA,15485,351477,0.044
2021-04-02,LAKSHADWEEP,18,2471,0.007
2021-04-02,MADHYA PRADESH,15883,172896,0.092
2021-04-02,MAHARASHTRA,255330,1096587,0.233
2021-04-02,MANIPUR,34,4750,0.007
2021-04-02,MEGHALAYA,45,7561,0.006
2021-04-02,MIZORAM,22,4893,0.004
2021-04-02,NAGALAND,117,940,0.124
2021-04-02,ODISHA,1851,181123,0.01
2021-04-02,PUDUCHERRY,988,14600,0.068
2021-04-02,PUNJAB,19958,227825,0.088
2021-04-02,RAJASTHAN,6609,188856,0.035
2021-04-02,TAMIL NADU,16271,589023,0.028
2021-04-02,TELANGANA,3985,365329,0.011
2021-04-02,TRIPURA,37,5142,0.007
2021-04-02,UTTAR PRADESH,9510,806733,0.012
2021-04-02,UTTARAKHAND,1839,78817,0.023
2021-04-02,WEST BENGAL,5808,160280,0.036
2021-04-03,ANDAMAN AND NICOBAR ISLANDS,41,10623,0.004
2021-04-03,ANDHRA PRADESH,7685,229903,0.033
2021-04-03,ARUNACHAL PRADESH,3,1220,0.002
2021-04-03,ASSAM,357,71832,0.005
2021-04-03,BIHAR,2268,398744,0.006
2021-04-03,CHANDIGARH,1939,13988,0.139
2021-04-03,CHHATTISGARH,23200,213467,0.109
2021-04-03,DELHI,14538,509849,0.029
2021-04-03,GOA,1301,14199,0.092
2021-04-03,GUJARAT,16428,608892,0.027
2021-04-03,HARYANA,9326,149048,0.063
2021-04-03,HIMACHAL PRADESH,2453,41177,0.06
2021-04-03,JAMMU AND KASHMIR,2525,242311,0.01
2021-04-03,JHARKHAND,3304,91254,0.036
2021-04-03,KARNATAKA,25185,751091,0.034
2021-04-03,KERALA,16168,351008,0.046
2021-04-03,LAKSHADWEEP,19,2301,0.008
2021-04-03,MADHYA PRADESH,16569,170906,0.097
2021-04-03,MAHARASHTRA,266341,1123280,0.237
2021-04-03,MANIPUR,33,4866,0.007
2021-04-03,MEGHALAYA,53,8812,0.006
2021-04-03,MIZORAM,24,4909,0.005
2021-04-03,NAGALAND,132,1106,0.119
2021-04-03,ODISHA,2078,183177,0.011
2021-04-03,PUDUCHERRY,1105,15032,0.074
2021-04-03,PUNJAB,19709,231938,0.085
2021-04-03,RAJASTHAN,7178,193735,0.037
2021-04-03,TAMIL NADU,17590,590036,0.03
2021-04-03,TELANGANA,4432,367124,0.012
2021-04-03,UTTAR PRADESH,11435,809478,0.014
2021-04-03,UTTARAKHAND,2017,75040,0.027
2021-04-03,WEST BENGAL,6895,163232,0.042
2021-04-04,ANDAMAN AND NICOBAR ISLANDS,54,9898,0.005
2021-04-04,ANDHRA PRADESH,8136,218467,0.037
2021-04-04,ARUNACHAL PRADESH,4,1146,0.003
2021-04-04,ASSAM,379,78794,0.005
2021-04-04,BIHAR,2909,403695,0.007
2021-04-04,CHANDIGARH,1955,14488,0.135
2021-04-04,CHHATTISGARH,25856,214765,0.12
2021-04-04,DELHI,16547,497763,0.033
2021-04-04,GOA,1350,13782,0.098
2021-04-04,GUJARAT,16967,637841,0.027
2021-04-04,HARYANA,9902,155225,0.064
2021-04-04,HIMACHAL PRADESH,2455,37889,0.065
2021-04-04,JAMMU AND KASHMIR,2755,250029,0.011
2021-04-04,JHARKHAND,3837,101169,0.038
2021-04-04,KARNATAKA,26672,767505,0.035
2021-04-04,KERALA,16654,343499,0.048
2021-04-04,LAKSHADWEEP,26,2330,0.011
2021-04-04,MADHYA PRADESH,17266,171436,0.101
2021-04-04,MAHARASHTRA,280062,1150373,0.243
2021-04-04,MANIPUR,39,5057,0.008
2021-04-04,MIZORAM,24,4665,0.005
2021-04-04,NAGALAND,133,984,0.135
2021-04-04,ODISHA,2320,181049,0.013
2021-04-04,PUDUCHERRY,1168,14312,0.082
2021-04-04,PUNJAB,19590,232618,0.084
2021-04-04,RAJASTHAN,8001,185521,0.043
2021-04-04,TAMIL NADU,18947,586941,0.032
2021-04-04,TELANGANA,5015,368800,0.014
2021-04-04,TRIPURA,33,5207,0.006
2021-04-04,UTTAR PRADESH,13572,835700,0.016
2021-04-04,UTTARAKHAND,2199,77433,0.028
2021-04-04,WEST BENGAL,7819,164933,0.047
2021-04-05,ANDAMAN AND NICOBAR ISLANDS,63,10008,0.006
2021-04-05,ANDHRA PRADESH,8861,218397,0.041
2021-04-05,ARUNACHAL PRADESH,4,1170,0.003
2021-04-05,ASSAM,400,80537,0.005
2021-04-05,BIHAR,3422,405624,0.008
2021-04-05,CHANDIGARH,2000,14972,0.134
2021-04-05,CHHATTISGARH,28953,216990,0.133
2021-04-05,DELHI,18699,504726,0.037
2021-04-05,GOA,1484,14072,0.105
2021-04-05,GUJARAT,17572,668845,0.026
2021-04-05,HARYANA,10414,159908,0.065
2021-04-05,HIMACHAL PRADESH,2582,37178,0.069
2021-04-05,JAMMU AND KASHMIR,3019,260593,0.012
2021-04-05,JHARKHAND,4310,104109,0.041
2021-04-05,KARNATAKA,28143,781058,0.036
2021-04-05,KERALA,17240,341441,0.05
2021-04-05,LAKSHADWEEP,26,2666,0.01
2021-04-05,MADHYA PRADESH,18168,174658,0.104
2021-04-05,MAHARASHTRA,296722,1181770,0.251
2021-04-05,MANIPUR,38,5740,0.007
2021-04-05,MEGHALAYA,90,8711,0.01
2021-04-05,MIZORAM,25,3807,0.007
2021-04-05,NAGALAND,133,1071,0.124
2021-04-05,ODISHA,2501,184834,0.014
2021-04-05,PUDUCHERRY,1258,14708,0.086
2021-04-05,PUNJAB,19726,232000,0.085
2021-04-05,RAJASTHAN,8649,198600,0.044
2021-04-05,TAMIL NADU,20334,584382,0.035
2021-04-05,TELANGANA,5801,373831,0.016
2021-04-05,UTTAR PRADESH,16261,866979,0.019
2021-04-05,UTTARAKHAND,2383,96765,0.025
2021-04-05,WEST BENGAL,8949,165156,0.054
2021-04-06,ANDAMAN AND NICOBAR ISLANDS,64,10133,0.006
2021-04-06,ANDHRA PRADESH,9190,217750,0.042
2021-04-06,ARUNACHAL PRADESH,6,1404,0.004
2021-04-06,ASSAM,430,91029,0.005
2021-04-06,BIHAR,4118,407980,0.01
2021-04-06,CHANDIGARH,2011,15207,0.132
2021-04-06,CHHATTISGARH,34832,248760,0.14
2021-04-06,DELHI,20343,499924,0.041
2021-04-06,GOA,1603,14661,0.109
2021-04-06,GUJARAT,18480,714233,0.026
2021-04-06,HARYANA,11459,165002,0.069
2021-04-06,HIMACHAL PRADESH,2828,39244,0.072
2021-04-06,JAMMU AND KASHMIR,3226,266284,0.012
2021-04-06,JHARKHAND,5241,113981,0.046
2021-04-06,KARNATAKA,30630,791690,0.039
2021-04-06,KERALA,18048,344255,0.052
2021-04-06,LAKSHADWEEP,29,2849,0.01
2021-04-06,MADHYA PRADESH,19243,182798,0.105
2021-04-06,MAHARASHTRA,312367,1220604,0.256
2021-04-06,MANIPUR,37,6420,0.006
2021-04-06,MIZORAM,26,3995,0.007
2021-04-06,NAGALAND,132,1131,0.117
2021-04-06,ODISHA,2866,186588,0.015
2021-04-06,PUDUCHERRY,1313,15946,0.082
2021-04-06,PUNJAB,19550,231033,0.085
2021-04-06,RAJASTHAN,10176,207013,0.049
2021-04-06,TAMIL NADU,21727,583734,0.037
2021-04-06,TELANGANA,6495,382971,0.017
2021-04-06,UTTAR PRADESH,18955,909062,0.021
2021-04-06,UTTARAKHAND,2821,120379,0.023
2021-04-06,WEST BENGAL,10271,173214,0.059
2021-04-07,ANDAMAN AND NICOBAR ISLANDS,42,10355,0.004
2021-04-07,ANDHRA PRADESH,10138,218556,0.046
2021-04-07,ARUNACHAL PRADESH,8,1413,0.006
2021-04-07,ASSAM,469,92985,0.005
2021-04-07,BIHAR,5124,459370,0.011
2021-04-07,CHANDIGARH,2065,15814,0.131
2021-04-07,CHHATTISGARH,41645,269164,0.155
2021-04-07,DELHI,24451,566620,0.043
2021-04-07,GOA,1863,15966,0.117
2021-04-07,GUJARAT,19540,767740,0.025
2021-04-07,HARYANA,12578,188961,0.067
2021-04-07,HIMACHAL PRADESH,2917,40958,0.071
2021-04-07,JAMMU AND KASHMIR,3428,268917,0.013
2021-04-07,JHARKHAND,6087,129934,0.047
2021-04-07,KARNATAKA,33805,786794,0.043
2021-04-07,KERALA,19161,344749,0.056
2021-04-07,LAKSHADWEEP,33,2665,0.012
2021-04-07,MADHYA PRADESH,20792,195872,0.106
2021-04-07,MAHARASHTRA,339918,1292421,0.263
2021-04-07,MANIPUR,42,7027,0.006
2021-04-07,MEGHALAYA,79,10155,0.008
2021-04-07,MIZORAM,32,4310,0.007
2021-04-07,NAGALAND,132,1156,0.114
2021-04-07,ODISHA,3236,189945,0.017
2021-04-07,PUDUCHERRY,1435,16521,0.087
2021-04-07,PUNJAB,20267,251091,0.081
2021-04-07,RAJASTHAN,11747,254547,0.046
2021-04-07,TAMIL NADU,23030,581436,0.04
2021-04-07,TELANGANA,7530,402860,0.019
2021-04-07,TRIPURA,61,6572,0.009
2021-04-07,UTTAR PRADESH,23932,1024117,0.023
2021-04-07,UTTARAKHAND,3484,160335,0.022
2021-04-07,WEST BENGAL,11701,184739,0.063
2021-04-08,ANDAMAN AND NICOBAR ISLANDS,48,10617,0.005
2021-04-08,ANDHRA PRADESH,11285,219404,0.051
2021-04-08,ARUNACHAL PRADESH,16,1584,0.01
2021-04-08,ASSAM,615,101181,0.006
2021-04-08,BIHAR,6392,493905,0.013
2021-04-08,CHANDIGARH,2198,16861,0.13
2021-04-08,CHHATTISGARH,47392,273033,0.174
2021-04-08,DELHI,28138,589751,0.048
2021-04-08,GOA,2190,16253,0.135
2021-04-08,GUJARAT,20755,801115,0.026
2021-04-08,HARYANA,13838,198649,0.07
2021-04-08,HIMACHAL PRADESH,3285,41015,0.08
2021-04-08,JAMMU AND KASHMIR,3867,278301,0.014
2021-04-08,JHARKHAND,6706,138133,0.049
2021-04-08,KARNATAKA,36556,803616,0.045
2021-04-08,KERALA,20010,355876,0.056
2021-04-08,LAKSHADWEEP,47,2478,0.019
2021-04-08,MADHYA PRADESH,22503,206407,0.109
2021-04-08,MAHARASHTRA,360281,1356593,0.266
2021-04-08,MANIPUR,47,7182,0.007
2021-04-08,MEGHALAYA,75,10538,0.007
2021-04-08,MIZORAM,35,4781,0.007
2021-04-08,NAGALAND,36,1146,0.031
2021-04-08,ODISHA,3730,200602,0.019
2021-04-08,PUDUCHERRY,1481,15538,0.095
2021-04-08,PUNJAB,20286,256918,0.079
2021-04-08,RAJASTHAN,13642,269420,0.051
2021-04-08,TAMIL NADU,24437,578258,0.042
2021-04-08,TELANGANA,8760,421012,0.021
2021-04-08,UTTAR PRADESH,28736,1143898,0.025
2021-04-08,UTTARAKHAND,4300,180230,0.024
2021-04-08,WEST BENGAL,13109,190596,0.069
2021-04-09,ANDAMAN AND NICOBAR ISLANDS,65,10663,0.006
2021-04-09,ANDHRA PRADESH,12572,218863,0.057
2021-04-09,ARUNACHAL PRADESH,28,1877,0.015
2021-04-09,ASSAM,802,111816,0.007
2021-04-09,BIHAR,7815,523347,0.015
2021-04-09,CHANDIGARH,2265,17353,0.131
2021-04-09,CHHATTISGARH,53427,280919,0.19
2021-04-09,DELHI,32785,603448,0.054
2021-04-09,GOA,2507,16848,0.149
2021-04-09,GUJARAT,22366,834924,0.027
2021-04-09,HARYANA,15101,205192,0.074
2021-04-09,HIMACHAL PRADESH,3497,42252,0.083
2021-04-09,JAMMU AND KASHMIR,4241,284250,0.015
2021-04-09,JHARKHAND,7898,151137,0.052
2021-04-09,KARNATAKA,38892,796641,0.049
2021-04-09,KERALA,21565,365430,0.059
2021-04-09,LAKSHADWEEP,52,2375,0.022
2021-04-09,MADHYA PRADESH,24281,214214,0.113
2021-04-09,MAHARASHTRA,373384,1410210,0.265
2021-04-09,MANIPUR,62,7309,0.008
2021-04-09,MEGHALAYA,98,11029,0.009
2021-04-09,MIZORAM,46,5352,0.009
2021-04-09,NAGALAND,36,1126,0.032
2021-04-09,ODISHA,4215,202399,0.021
2021-04-09,PUDUCHERRY,1514,16634,0.091
2021-04-09,PUNJAB,20195,262719,0.077
2021-04-09,RAJASTHAN,15818,285106,0.055
2021-04-09,TAMIL NADU,25896,577663,0.045
2021-04-09,TELANGANA,9928,449047,0.022
2021-04-09,TRIPURA,95,7334,0.013
2021-04-09,UTTAR PRADESH,34621,1224906,0.028
2021-04-09,UTTARAKHAND,4587,192434,0.024
2021-04-09,WEST BENGAL,14618,198329,0.074
2021-04-10,ANDAMAN AND NICOBAR ISLANDS,77,10670,0.007
2021-04-10,ANDHRA PRADESH,14049,219639,0.064
2021-04-10,ARUNACHAL PRADESH,29,2304,0.013
2021-04-10,ASSAM,1020,124613,0.008
2021-04-10,BIHAR,9327,550252,0.017
2021-04-10,CHANDIGARH,2400,18511,0.13
2021-04-10,CHHATTISGARH,60700,293555,0.207
2021-04-10,DELHI,37712,625341,0.06
2021-04-10,GOA,2655,17580,0.151
2021-04-10,GUJARAT,24267,862050,0.028
2021-04-10,HARYANA,16234,212290,0.076
2021-04-10,HIMACHAL PRADESH,3753,45831,0.082
2021-04-10,JAMMU AND KASHMIR,4532,286561,0.016
2021-04-10,JHARKHAND,9129,158458,0.058
2021-04-10,KARNATAKA,41856,812871,0.051
2021-04-10,KERALA,24120,376887,0.064
2021-04-10,LAKSHADWEEP,51,2755,0.019
2021-04-10,MADHYA PRADESH,26386,225162,0.117
2021-04-10,MAHARASHTRA,384464,1472539,0.261
2021-04-10,MANIPUR,69,7100,0.01
2021-04-10,MEGHALAYA,125,11013,0.011
2021-04-10,MIZORAM,74,6005,0.012
2021-04-10,ODISHA,5036,200764,0.025
2021-04-10,PUDUCHERRY,1524,17789,0.086
2021-04-10,PUNJAB,20726,256266,0.081
2021-04-10,RAJASTHAN,18366,301896,0.061
2021-04-10,TAMIL NADU,28047,579732,0.048
2021-04-10,TELANGANA,11441,491690,0.023
2021-04-10,TRIPURA,123,7967,0.015
2021-04-10,UTTAR PRADESH,41255,1274931,0.032
2021-04-10,UTTARAKHAND,4971,214948,0.023
2021-04-10,WEST BENGAL,16533,207460,0.08
2021-04-11,ANDAMAN AND NICOBAR ISLANDS,77,11577,0.007
2021-04-11,ANDHRA PRADESH,15960,220308,0.072
2021-04-11,ARUNACHAL PRADESH,29,2430,0.012
2021-04-11,ASSAM,1357,176664,0.008
2021-04-11,BIHAR,11960,581382,0.021
2021-04-11,CHANDIGARH,2488,19212,0.13
2021-04-11,CHHATTISGARH,68980,302836,0.228
2021-04-11,DELHI,42042,623098,0.067
2021-04-11,GOA,2976,18478,0.161
2021-04-11,GUJARAT,26463,896590,0.03
2021-04-11,HARYANA,17212,215528,0.08
2021-04-11,HIMACHAL PRADESH,4278,48721,0.088
2021-04-11,JAMMU AND KASHMIR,5036,290255,0.017
2021-04-11,JHARKHAND,10629,167285,0.064
2021-04-11,KARNATAKA,44438,787831,0.056
2021-04-11,KERALA,27773,394065,0.07
2021-04-11,LAKSHADWEEP,54,2654,0.02
2021-04-11,MADHYA PRADESH,28533,235469,0.121
2021-04-11,MAHARASHTRA,390428,1508112,0.259
2021-04-11,MANIPUR,71,7213,0.01
2021-04-11,MEGHALAYA,140,12553,0.011
2021-04-11,MIZORAM,96,6404,0.015
2021-04-11,NAGALAND,38,1457,0.026
2021-04-11,ODISHA,5958,208060,0.029
2021-04-11,PUDUCHERRY,1605,20308,0.079
2021-04-11,PUNJAB,21279,265340,0.08
2021-04-11,RAJASTHAN,21092,331142,0.064
2021-04-11,TAMIL NADU,30590,582200,0.053
2021-04-11,TELANGANA,13272,543711,0.024
2021-04-11,TRIPURA,162,8915,0.018
2021-04-11,UTTAR PRADESH,50816,1321040,0.038
2021-04-11,UTTARAKHAND,5765,239522,0.024
2021-04-11,WEST BENGAL,18840,218211,0.086
2021-04-12,ANDAMAN AND NICOBAR ISLANDS,81,12007,0.007
2021-04-12,ANDHRA PRADESH,17725,220955,0.08
2021-04-12,ARUNACHAL PRADESH,33,2439,0.014
2021-04-12,ASSAM,1640,242918,0.007
2021-04-12,BIHAR,14852,613372,0.024
2021-04-12,CHANDIGARH,2549,19660,0.13
2021-04-12,CHHATTISGARH,74251,316103,0.235
2021-04-12,DELHI,48783,650487,0.075
2021-04-12,GOA,3236,18926,0.171
2021-04-12,GUJARAT,29057,928934,0.031
2021-04-12,HARYANA,18748,221977,0.084
2021-04-12,HIMACHAL PRADESH,4444,50094,0.089
2021-04-12,JAMMU AND KASHMIR,5378,291729,0.018
2021-04-12,JHARKHAND,12138,192389,0.063
2021-04-12,KARNATAKA,50135,800656,0.063
2021-04-12,KERALA,31957,413897,0.077
2021-04-12,LAKSHADWEEP,58,2336,0.025
2021-04-12,MADHYA PRADESH,31294,246052,0.127
2021-04-12,MAHARASHTRA,396648,1574261,0.252
2021-04-12,MANIPUR,73,6552,0.011
2021-04-12,MEGHALAYA,152,12771,0.012
2021-04-12,MIZORAM,122,7439,0.016
2021-04-12,NAGALAND,42,1508,0.028
2021-04-12,ODISHA,6866,210430,0.033
2021-04-12,PUDUCHERRY,1684,21240,0.079
2021-04-12,PUNJAB,21312,266233,0.08
2021-04-12,RAJASTHAN,24468,342088,0.072
2021-04-12,TAMIL NADU,33627,587947,0.057
2021-04-12,TELANGANA,15138,596049,0.025
2021-04-12,TRIPURA,196,9557,0.021
2021-04-12,UTTAR PRADESH,61956,1347103,0.046
2021-04-12,UTTARAKHAND,6548,237022,0.028
2021-04-12,WEST BENGAL,21281,231815,0.092
2021-04-13,ANDAMAN AND NICOBAR ISLANDS,85,12212,0.007
2021-04-13,ANDHRA PRADESH,19662,224032,0.088
2021-04-13,ARUNACHAL PRADESH,37,2398,0.015
2021-04-13,ASSAM,2153,327495,0.007
2021-04-13,BIHAR,16916,620972,0.027
2021-04-13,CHANDIGARH,2688,20688,0.13
2021-04-13,CHHATTISGARH,80525,322047,0.25
2021-04-13,DELHI,56726,678881,0.084
2021-04-13,GOA,3465,19157,0.181
2021-04-13,GUJARAT,31918,955991,0.033
2021-04-13,HARYANA,20526,228302,0.09
2021-04-13,HIMACHAL PRADESH,4966,51671,0.096
2021-04-13,JAMMU AND KASHMIR,5927,290593,0.02
2021-04-13,JHARKHAND,13418,210164,0.064
2021-04-13,KARNATAKA,54435,818992,0.066
2021-04-13,KERALA,35292,419123,0.084
2021-04-13,LAKSHADWEEP,69,2323,0.03
2021-04-13,MADHYA PRADESH,34385,252969,0.136
2021-04-13,MAHARASHTRA,401111,1606600,0.25
2021-04-13,MANIPUR,86,6425,0.013
2021-04-13,MEGHALAYA,174,12746,0.014
2021-04-13,MIZORAM,128,7533,0.017
2021-04-13,NAGALAND,51,1589,0.032
2021-04-13,ODISHA,8034,212418,0.038
2021-04-13,PUDUCHERRY,2016,21989,0.092
2021-04-13,PUNJAB,22071,267214,0.083
2021-04-13,RAJASTHAN,27810,348632,0.08
2021-04-13,TAMIL NADU,36666,590873,0.062
2021-04-13,TELANGANA,16292,632006,0.026
2021-04-13,TRIPURA,203,9919,0.02
2021-04-13,UTTAR PRADESH,71586,1379305,0.052
2021-04-13,UTTARAKHAND,7335,245073,0.03
2021-04-13,WEST BENGAL,23831,242757,0.098
2021-04-14,ANDAMAN AND NICOBAR ISLANDS,86,12820,0.007
2021-04-14,ANDHRA PRADESH,21949,227957,0.096
2021-04-14,ARUNACHAL PRADESH,49,2777,0.018
2021-04-14,ASSAM,2651,372065,0.007
2021-04-14,BIHAR,19993,633181,0.032
2021-04-14,CHANDIGARH,2766,21112,0.131
2021-04-14,CHHATTISGARH,85725,327867,0.261
2021-04-14,DELHI,65094,677888,0.096
2021-04-14,GOA,3640,18855,0.193
2021-04-14,GUJARAT,35328,979937,0.036
2021-04-14,HARYANA,22272,230681,0.097
2021-04-14,HIMACHAL PRADESH,5157,53214,0.097
2021-04-14,JAMMU AND KASHMIR,6635,287952,0.023
2021-04-14,JHARKHAND,14998,219459,0.068
2021-04-14,KARNATAKA,57063,838870,0.068
2021-04-14,KERALA,39305,433513,0.091
2021-04-14,LAKSHADWEEP,83,2472,0.034
2021-04-14,MADHYA PRADESH,39661,266002,0.149
2021-04-14,MAHARASHTRA,405854,1642565,0.247
2021-04-14,MANIPUR,105,6101,0.017
2021-04-14,MEGHALAYA,252,13596,0.019
2021-04-14,MIZORAM,155,8458,0.018
2021-04-14,NAGALAND,62,1686,0.037
2021-04-14,ODISHA,9230,215426,0.043
2021-04-14,PUDUCHERRY,2197,24021,0.091
2021-04-14,PUNJAB,22146,262407,0.084
2021-04-14,RAJASTHAN,31102,356126,0.087
2021-04-14,TAMIL NADU,40005,593349,0.067
2021-04-14,TELANGANA,17846,682663,0.026
2021-04-14,TRIPURA,251,10616,0.024
2021-04-14,UTTAR PRADESH,83654,1418741,0.059
2021-04-14,UTTARAKHAND,8469,242336,0.035
2021-04-14,WEST BENGAL,26590,255577,0.104
2021-04-15,ANDAMAN AND NICOBAR ISLANDS,116,12950,0.009
2021-04-15,ANDHRA PRADESH,23775,231877,0.103
2021-04-15,ARUNACHAL PRADESH,51,2743,0.019
2021-04-15,ASSAM,2841,380968,0.007
2021-04-15,BIHAR,23252,648265,0.036
2021-04-15,CHANDIGARH,2788,21085,0.132
2021-04-15,CHHATTISGARH,89665,332106,0.27
2021-04-15,DELHI,76870,696221,0.11
2021-04-15,GOA,3586,18452,0.194
2021-04-15,GUJARAT,39163,1009143,0.039
2021-04-15,HARYANA,25304,237640,0.106
2021-04-15,HIMACHAL PRADESH,5429,53452,0.102
2021-04-15,JAMMU AND KASHMIR,6909,282036,0.024
2021-04-15,JHARKHAND,16884,234940,0.072
2021-04-15,KARNATAKA,61352,826722,0.074
2021-04-15,KERALA,44581,438217,0.102
2021-04-15,LAKSHADWEEP,75,2597,0.029
2021-04-15,MADHYA PRADESH,45338,277315,0.163
2021-04-15,MAHARASHTRA,404899,1653464,0.245
2021-04-15,MANIPUR,114,6067,0.019
2021-04-15,MEGHALAYA,345,14542,0.024
2021-04-15,MIZORAM,177,9199,0.019
2021-04-15,NAGALAND,64,1805,0.035
2021-04-15,ODISHA,10706,217146,0.049
2021-04-15,PUDUCHERRY,2500,27248,0.092
2021-04-15,PUNJAB,22485,251167,0.09
2021-04-15,RAJASTHAN,34501,346064,0.1
2021-04-15,TAMIL NADU,43838,610482,0.072
2021-04-15,TELANGANA,18089,680753,0.027
2021-04-15,TRIPURA,269,11565,0.023
2021-04-15,UTTAR PRADESH,98091,1442233,0.068
2021-04-15,UTTARAKHAND,9313,256343,0.036
2021-04-15,WEST BENGAL,30092,269646,0.112
2021-04-16,ANDAMAN AND NICOBAR ISLANDS,113,13366,0.008
2021-04-16,ANDHRA PRADESH,26303,236350,0.111
2021-04-16,ARUNACHAL PRADESH,47,2455,0.019
2021-04-16,ASSAM,3095,376403,0.008
2021-04-16,BIHAR,27474,659797,0.042
2021-04-16,CHANDIGARH,2876,21527,0.134
2021-04-16,CHHATTISGARH,94269,336817,0.28
2021-04-16,DELHI,86132,687020,0.125
2021-04-16,GOA,3761,17957,0.209
2021-04-16,GUJARAT,43294,1033427,0.042
2021-04-16,HARYANA,28290,236170,0.12
2021-04-16,HIMACHAL PRADESH,5842,50827,0.115
2021-04-16,JAMMU AND KASHMIR,7215,274806,0.026
2021-04-16,JHARKHAND,18482,243321,0.076
2021-04-16,KARNATAKA,69520,847365,0.082
2021-04-16,KERALA,48354,435216,0.111
2021-04-16,LAKSHADWEEP,123,2845,0.043
2021-04-16,MADHYA PRADESH,51180,291672,0.175
2021-04-16,MAHARASHTRA,410308,1651101,0.249
2021-04-16,MANIPUR,116,5847,0.02
2021-04-16,MEGHALAYA,417,14468,0.029
2021-04-16,MIZORAM,200,10142,0.02
2021-04-16,NAGALAND,101,1846,0.055
2021-04-16,ODISHA,12816,220660,0.058
2021-04-16,PUDUCHERRY,2620,26608,0.098
2021-04-16,PUNJAB,23726,238483,0.099
2021-04-16,RAJASTHAN,37633,337145,0.112
2021-04-16,TAMIL NADU,47549,620588,0.077
2021-04-16,TELANGANA,19341,700048,0.028
2021-04-16,UTTAR PRADESH,111956,1443413,0.078
2021-04-16,UTTARAKHAND,10746,264880,0.041
2021-04-16,WEST BENGAL,34078,278268,0.122
2021-04-17,ANDAMAN AND NICOBAR ISLANDS,128,13818,0.009
2021-04-17,ANDHRA PRADESH,29634,240420,0.123
2021-04-17,ARUNACHAL PRADESH,73,2495,0.029
2021-04-17,ASSAM,3387,383705,0.009
2021-04-17,BIHAR,31553,669450,0.047
2021-04-17,CHANDIGARH,2935,21292,0.138
2021-04-17,CHHATTISGARH,97734,339690,0.288
2021-04-17,DELHI,97097,676579,0.144
2021-04-17,GOA,4260,18385,0.232
2021-04-17,GUJARAT,47673,1060070,0.045
2021-04-17,HARYANA,31573,241602,0.131
2021-04-17,HIMACHAL PRADESH,6022,48720,0.124
2021-04-17,JAMMU AND KASHMIR,7551,266783,0.028
2021-04-17,JHARKHAND,20400,252868,0.081
2021-04-17,KARNATAKA,76424,845939,0.09
2021-04-17,KERALA,53322,439751,0.121
2021-04-17,LAKSHADWEEP,161,2960,0.054
2021-04-17,MADHYA PRADESH,57343,304113,0.189
2021-04-17,MAHARASHTRA,415044,1677620,0.247
2021-04-17,MANIPUR,135,6390,0.021
2021-04-17,MEGHALAYA,496,14346,0.035
2021-04-17,MIZORAM,189,11235,0.017
2021-04-17,ODISHA,14642,223470,0.066
2021-04-17,PUDUCHERRY,2928,27571,0.106
2021-04-17,PUNJAB,24213,247108,0.098
2021-04-17,RAJASTHAN,41022,343127,0.12
2021-04-17,TAMIL NADU,50557,629654,0.08
2021-04-17,TELANGANA,20703,719942,0.029
2021-04-17,TRIPURA,231,9947,0.023
2021-04-17,UTTAR PRADESH,129729,1469189,0.088
2021-04-17,UTTARAKHAND,12400,265655,0.047
2021-04-17,WEST BENGAL,37340,282304,0.132
2021-04-18,ANDAMAN AND NICOBAR ISLANDS,156,13955,0.011
2021-04-18,ANDHRA PRADESH,33549,244398,0.137
2021-04-18,ARUNACHAL PRADESH,89,2834,0.031
2021-04-18,ASSAM,3858,358898,0.011
2021-04-18,BIHAR,35954,674893,0.053
2021-04-18,CHANDIGARH,2968,21193,0.14
2021-04-18,CHHATTISGARH,99719,343450,0.29
2021-04-18,DELHI,113575,698435,0.163
2021-04-18,GOA,4482,18919,0.237
2021-04-18,GUJARAT,52203,1084512,0.048
2021-04-18,HARYANA,36353,251353,0.145
2021-04-18,HIMACHAL PRADESH,6471,51012,0.127
2021-04-18,JAMMU AND KASHMIR,7691,261254,0.029
2021-04-18,JHARKHAND,21865,264984,0.083
2021-04-18,KARNATAKA,86958,890457,0.098
2021-04-18,KERALA,60963,459005,0.133
2021-04-18,LAKSHADWEEP,257,3810,0.067
2021-04-18,MADHYA PRADESH,63626,319143,0.199
2021-04-18,MAHARASHTRA,426756,1729678,0.247
2021-04-18,MANIPUR,163,6498,0.025
2021-04-18,MEGHALAYA,552,13918,0.04
2021-04-18,MIZORAM,226,12520,0.018
2021-04-18,NAGALAND,136,1894,0.072
2021-04-18,ODISHA,16412,226719,0.072
2021-04-18,PUDUCHERRY,3371,28498,0.118
2021-04-18,PUNJAB,25405,252376,0.101
2021-04-18,RAJASTHAN,45667,353668,0.129
2021-04-18,TAMIL NADU,53912,645912,0.083
2021-04-18,TELANGANA,22240,734451,0.03
2021-04-18,TRIPURA,248,10641,0.023
2021-04-18,UTTAR PRADESH,144315,1472620,0.098
2021-04-18,UTTARAKHAND,13924,284288,0.049
2021-04-18,WEST BENGAL,41010,292410,0.14
2021-04-19,ANDAMAN AND NICOBAR ISLANDS,200,14253,0.014
2021-04-19,ANDHRA PRADESH,36636,248601,0.147
2021-04-19,ARUNACHAL PRADESH,105,2928,0.036
2021-04-19,ASSAM,4145,308869,0.013
2021-04-19,BIHAR,40888,676474,0.06
2021-04-19,CHANDIGARH,3191,21557,0.148
2021-04-19,CHHATTISGARH,101543,345924,0.294
2021-04-19,DELHI,128263,669767,0.192
2021-04-19,GOA,4908,19670,0.25
2021-04-19,GUJARAT,57074,1105046,0.052
2021-04-19,HARYANA,40090,260380,0.154
2021-04-19,HIMACHAL PRADESH,6689,54335,0.123
2021-04-19,JAMMU AND KASHMIR,8302,257273,0.032
2021-04-19,JHARKHAND,23561,267553,0.088
2021-04-19,KARNATAKA,95775,903396,0.106
2021-04-19,KERALA,72234,502900,0.144
2021-04-19,LAKSHADWEEP,366,4964,0.074
2021-04-19,MADHYA PRADESH,69935,333483,0.21
2021-04-19,MAHARASHTRA,432093,1739813,0.248
2021-04-19,MANIPUR,225,6966,0.032
2021-04-19,MEGHALAYA,595,13897,0.043
2021-04-19,NAGALAND,150,1934,0.078
2021-04-19,ODISHA,18697,229518,0.081
2021-04-19,PUDUCHERRY,3728,30220,0.123
2021-04-19,PUNJAB,27266,261407,0.104
2021-04-19,RAJASTHAN,50824,361130,0.141
2021-04-19,TAMIL NADU,58017,667504,0.087
2021-04-19,TELANGANA,24146,748777,0.032
2021-04-19,TRIPURA,269,11362,0.024
2021-04-19,UTTAR PRADESH,159605,1505405,0.106
2021-04-19,UTTARAKHAND,15221,284491,0.054
2021-04-19,WEST BENGAL,45031,298112,0.151
2021-04-20,ANDAMAN AND NICOBAR ISLANDS,220,14272,0.015
2021-04-20,ANDHRA PRADESH,39336,252611,0.156
2021-04-20,ARUNACHAL PRADESH,164,3775,0.043
2021-04-20,ASSAM,4929,272097,0.018
2021-04-20,BIHAR,45376,679817,0.067
2021-04-20,CHANDIGARH,3379,21431,0.158
2021-04-20,CHHATTISGARH,101801,348600,0.292
2021-04-20,DELHI,140458,668066,0.21
2021-04-20,GOA,5372,20119,0.267
2021-04-20,GUJARAT,62456,1120248,0.056
2021-04-20,HARYANA,43114,267670,0.161
2021-04-20,HIMACHAL PRADESH,7295,53631,0.136
2021-04-20,JAMMU AND KASHMIR,8827,257244,0.034
2021-04-20,JHARKHAND,25485,268606,0.095
2021-04-20,KARNATAKA,101981,910443,0.112
2021-04-20,KERALA,80186,544758,0.147
2021-04-20,LAKSHADWEEP,469,6190,0.076
2021-04-20,MADHYA PRADESH,76343,346119,0.221
2021-04-20,MAHARASHTRA,439266,1753418,0.251
2021-04-20,MANIPUR,261,7021,0.037
2021-04-20,MEGHALAYA,679,14160,0.048
2021-04-20,MIZORAM,285,11025,0.026
2021-04-20,NAGALAND,152,1900,0.08
2021-04-20,ODISHA,21401,235596,0.091
2021-04-20,PUDUCHERRY,3781,30333,0.125
2021-04-20,PUNJAB,28437,270507,0.105
2021-04-20,RAJASTHAN,57020,374992,0.152
2021-04-20,TAMIL NADU,62247,696112,0.089
2021-04-20,TELANGANA,25904,752839,0.034
2021-04-20,TRIPURA,291,11880,0.024
2021-04-20,UTTAR PRADESH,174212,1512479,0.115
2021-04-20,UTTARAKHAND,16047,278389,0.058
2021-04-20,WEST BENGAL,48946,303114,0.161
2021-04-21,ANDAMAN AND NICOBAR ISLANDS,257,13950,0.018
2021-04-21,ANDHRA PRADESH,44095,254951,0.173
2021-04-21,ARUNACHAL PRADESH,211,5129,0.041
2021-04-21,ASSAM,5990,279938,0.021
2021-04-21,BIHAR,51674,692450,0.075
2021-04-21,CHANDIGARH,3584,21672,0.165
2021-04-21,CHHATTISGARH,102305,345506,0.296
2021-04-21,DELHI,155385,652132,0.238
2021-04-21,GOA,5970,21209,0.281
2021-04-21,GUJARAT,67972,1144501,0.059
2021-04-21,HARYANA,47080,279598,0.168
2021-04-21,HIMACHAL PRADESH,8016,54645,0.147
2021-04-21,JAMMU AND KASHMIR,9588,259484,0.037
2021-04-21,JHARKHAND,27721,265882,0.104
2021-04-21,KARNATAKA,114997,936032,0.123
2021-04-21,KERALA,92248,583538,0.158
2021-04-21,LAKSHADWEEP,501,6337,0.079
2021-04-21,MADHYA PRADESH,80072,350978,0.228
2021-04-21,MAHARASHTRA,441151,1781685,0.248
2021-04-21,MANIPUR,329,8163,0.04
2021-04-21,MEGHALAYA,729,13885,0.053
2021-04-21,NAGALAND,223,2125,0.105
2021-04-21,ODISHA,24378,239932,0.102
2021-04-21,PUDUCHERRY,4001,30953,0.129
2021-04-21,PUNJAB,30113,282859,0.106
2021-04-21,RAJASTHAN,63693,401626,0.159
2021-04-21,TAMIL NADU,66249,714109,0.093
2021-04-21,TELANGANA,28778,761975,0.038
2021-04-21,TRIPURA,289,12347,0.023
2021-04-21,UTTAR PRADESH,185823,1493298,0.124
2021-04-21,UTTARAKHAND,17134,260287,0.066
2021-04-21,WEST BENGAL,53948,310944,0.173
2021-04-22,ANDAMAN AND NICOBAR ISLANDS,243,14011,0.017
2021-04-22,ANDHRA PRADESH,49654,258838,0.192
2021-04-22,ARUNACHAL PRADESH,274,7171,0.038
2021-04-22,ASSAM,7270,311980,0.023
2021-04-22,BIHAR,59110,698296,0.085
2021-04-22,CHANDIGARH,3785,21557,0.176
2021-04-22,CHHATTISGARH,102574,344743,0.298
2021-04-22,DELHI,162741,622366,0.261
2021-04-22,GOA,6999,23062,0.303
2021-04-22,GUJARAT,73115,1173440,0.062
2021-04-22,HARYANA,51305,285881,0.179
2021-04-22,HIMACHAL PRADESH,8783,56298,0.156
2021-04-22,JAMMU AND KASHMIR,10706,265332,0.04
2021-04-22,JHARKHAND,29564,271535,0.109
2021-04-22,KARNATAKA,127290,975071,0.131
2021-04-22,KERALA,105884,640043,0.165
2021-04-22,LAKSHADWEEP,681,7830,0.087
2021-04-22,MADHYA PRADESH,83459,360794,0.231
2021-04-22,MAHARASHTRA,449667,1812280,0.248
2021-04-22,MANIPUR,400,8879,0.045
2021-04-22,MEGHALAYA,823,14098,0.058
2021-04-22,MIZORAM,400,13863,0.029
2021-04-22,NAGALAND,307,2494,0.123
2021-04-22,ODISHA,26962,245229,0.11
2021-04-22,PUDUCHERRY,4144,32184,0.129
2021-04-22,PUNJAB,31764,304725,0.104
2021-04-22,RAJASTHAN,72115,442721,0.163
2021-04-22,TAMIL NADU,70111,729102,0.096
2021-04-22,TELANGANA,33163,819716,0.04
2021-04-22,UTTAR PRADESH,198490,1508072,0.132
2021-04-22,UTTARAKHAND,19988,251688,0.079
2021-04-22,WEST BENGAL,58840,317495,0.185
2021-04-23,ANDAMAN AND NICOBAR ISLANDS,265,13418,0.02
2021-04-23,ANDHRA PRADESH,55327,264968,0.209
2021-04-23,ARUNACHAL PRADESH,376,9701,0.039
2021-04-23,ASSAM,8702,367085,0.024
2021-04-23,BIHAR,64466,698123,0.092
2021-04-23,CHANDIGARH,4007,21577,0.186
2021-04-23,CHHATTISGARH,104068,346289,0.301
2021-04-23,DELHI,172211,612005,0.281
2021-04-23,GOA,7652,24257,0.315
2021-04-23,GUJARAT,78068,1203690,0.065
2021-04-23,HARYANA,55189,295075,0.187
2021-04-23,HIMACHAL PRADESH,9523,58520,0.163
2021-04-23,JAMMU AND KASHMIR,11530,271274,0.043
2021-04-23,JHARKHAND,33679,307262,0.11
2021-04-23,KARNATAKA,138347,1008205,0.137
2021-04-23,KERALA,124753,714320,0.175
2021-04-23,LAKSHADWEEP,770,9213,0.084
2021-04-23,MADHYA PRADESH,85677,363948,0.235
2021-04-23,MAHARASHTRA,454985,1859334,0.245
2021-04-23,MANIPUR,468,9563,0.049
2021-04-23,MEGHALAYA,906,14372,0.063
2021-04-23,MIZORAM,436,13805,0.032
2021-04-23,NAGALAND,318,2514,0.126
2021-04-23,ODISHA,30137,255641,0.118
2021-04-23,PUDUCHERRY,4718,34048,0.139
2021-04-23,PUNJAB,32903,318342,0.103
2021-04-23,RAJASTHAN,79925,457973,0.175
2021-04-23,TAMIL NADU,74776,749368,0.1
2021-04-23,TELANGANA,35423,815424,0.043
2021-04-23,UTTAR PRADESH,210405,1498696,0.14
2021-04-23,UTTARAKHAND,21766,249523,0.087
2021-04-23,WEST BENGAL,64019,328528,0.195
2021-04-24,ANDAMAN AND NICOBAR ISLANDS,280,13106,0.021
2021-04-24,ANDHRA PRADESH,60997,274587,0.222
2021-04-24,ARUNACHAL PRADESH,482,12159,0.04
2021-04-24,ASSAM,10513,407069,0.026
2021-04-24,BIHAR,70885,705866,0.1
2021-04-24,CHANDIGARH,4354,22614,0.193
2021-04-24,CHHATTISGARH,106553,353890,0.301
2021-04-24,DELHI,177056,588085,0.301
2021-04-24,GOA,8145,24075,0.338
2021-04-24,GUJARAT,82952,1232617,0.067
2021-04-24,HARYANA,60766,302569,0.201
2021-04-24,HIMACHAL PRADESH,9870,62516,0.158
2021-04-24,JAMMU AND KASHMIR,12323,277385,0.044
2021-04-24,JHARKHAND,35577,314520,0.113
2021-04-24,KARNATAKA,150450,1051934,0.143
2021-04-24,KERALA,143169,777162,0.184
2021-04-24,LAKSHADWEEP,860,9721,0.088
2021-04-24,MADHYA PRADESH,88222,371221,0.238
2021-04-24,MAHARASHTRA,458092,1864718,0.246
2021-04-24,MANIPUR,541,10169,0.053
2021-04-24,MEGHALAYA,928,14108,0.066
2021-04-24,MIZORAM,473,14524,0.033
2021-04-24,NAGALAND,385,2700,0.143
2021-04-24,ODISHA,33244,265288,0.125
2021-04-24,PUDUCHERRY,4979,34415,0.145
2021-04-24,PUNJAB,35740,330804,0.108
2021-04-24,RAJASTHAN,87964,483114,0.182
2021-04-24,TAMIL NADU,80103,777760,0.103
2021-04-24,TELANGANA,37789,799146,0.047
2021-04-24,TRIPURA,427,15397,0.028
2021-04-24,UTTAR PRADESH,219650,1500723,0.146
2021-04-24,UTTARAKHAND,23703,252648,0.094
2021-04-24,WEST BENGAL,69985,341021,0.205
2021-04-25,ANDAMAN AND NICOBAR ISLANDS,283,11855,0.024
2021-04-25,ANDHRA PRADESH,65471,289652,0.226
2021-04-25,ARUNACHAL PRADESH,579,14562,0.04
2021-04-25,ASSAM,11873,432895,0.027
2021-04-25,BIHAR,75374,706739,0.107
2021-04-25,CHANDIGARH,4634,23269,0.199
2021-04-25,CHHATTISGARH,107201,357199,0.3
2021-04-25,DELHI,176784,563557,0.314
2021-04-25,GOA,8923,25114,0.355
2021-04-25,GUJARAT,87508,1244085,0.07
2021-04-25,HARYANA,63540,307651,0.207
2021-04-25,HIMACHAL PRADESH,10551,62143,0.17
2021-04-25,JAMMU AND KASHMIR,13208,281645,0.047
2021-04-25,JHARKHAND,36891,309439,0.119
2021-04-25,KARNATAKA,162399,1098239,0.148
2021-04-25,KERALA,156019,827106,0.189
2021-04-25,LAKSHADWEEP,911,10579,0.086
2021-04-25,MADHYA PRADESH,89871,374532,0.24
2021-04-25,MAHARASHTRA,458129,1879095,0.244
2021-04-25,MANIPUR,632,10244,0.062
2021-04-25,MEGHALAYA,988,14298,0.069
2021-04-25,MIZORAM,474,14446,0.033
2021-04-25,NAGALAND,467,3078,0.152
2021-04-25,ODISHA,36747,269060,0.137
2021-04-25,PUDUCHERRY,5163,35697,0.145
2021-04-25,PUNJAB,36972,342218,0.108
2021-04-25,RAJASTHAN,94273,502642,0.188
2021-04-25,TAMIL NADU,85601,802674,0.107
2021-04-25,TELANGANA,40775,776681,0.052
2021-04-25,TRIPURA,496,16692,0.03
2021-04-25,UTTAR PRADESH,230260,1511124,0.152
2021-04-25,UTTARAKHAND,26030,236656,0.11
2021-04-25,WEST BENGAL,76553,349110,0.219
2021-04-26,ANDAMAN AND NICOBAR ISLANDS,275,10970,0.025
2021-04-26,ANDHRA PRADESH,71523,316615,0.226
2021-04-26,ARUNACHAL PRADESH,620,16689,0.037
2021-04-26,ASSAM,13078,443269,0.03
2021-04-26,BIHAR,79479,706626,0.112
2021-04-26,CHANDIGARH,4758,23519,0.202
2021-04-26,CHHATTISGARH,107522,355697,0.302
2021-04-26,DELHI,174255,553849,0.315
2021-04-26,GOA,10265,27804,0.369
2021-04-26,GUJARAT,91464,1246546,0.073
2021-04-26,HARYANA,67348,310757,0.217
2021-04-26,HIMACHAL PRADESH,11126,60798,0.183
2021-04-26,JAMMU AND KASHMIR,14063,286127,0.049
2021-04-26,JHARKHAND,38802,297838,0.13
2021-04-26,KARNATAKA,178136,1129208,0.158
2021-04-26,KERALA,166231,844981,0.197
2021-04-26,LAKSHADWEEP,961,10887,0.088
2021-04-26,MADHYA PRADESH,91224,379996,0.24
2021-04-26,MAHARASHTRA,455689,1895358,0.24
2021-04-26,MANIPUR,700,10837,0.065
2021-04-26,MEGHALAYA,1125,13868,0.081
2021-04-26,NAGALAND,628,3469,0.181
2021-04-26,ODISHA,39199,278375,0.141
2021-04-26,PUDUCHERRY,5508,36259,0.152
2021-04-26,PUNJAB,39052,353809,0.11
2021-04-26,RAJASTHAN,99820,517727,0.193
2021-04-26,TAMIL NADU,90537,818842,0.111
2021-04-26,TELANGANA,43808,755646,0.058
2021-04-26,TRIPURA,527,18278,0.029
2021-04-26,UTTAR PRADESH,235005,1514099,0.155
2021-04-26,UTTARAKHAND,27768,241415,0.115
2021-04-26,WEST BENGAL,84023,358636,0.234
2021-04-27,ANDAMAN AND NICOBAR ISLANDS,295,10981,0.027
2021-04-27,ANDHRA PRADESH,75441,352891,0.214
2021-04-27,ARUNACHAL PRADESH,723,19103,0.038
2021-04-27,ASSAM,14848,451040,0.033
2021-04-27,BIHAR,83793,703726,0.119
2021-04-27,CHANDIGARH,4967,24415,0.203
2021-04-27,CHHATTISGARH,108772,361274,0.301
2021-04-27,DELHI,170770,520843,0.328
2021-04-27,GOA,11646,31850,0.366
2021-04-27,GUJARAT,94401,1247222,0.076
2021-04-27,HARYANA,72010,314002,0.229
2021-04-27,HIMACHAL PRADESH,11123,64553,0.172
2021-04-27,JAMMU AND KASHMIR,14682,286565,0.051
2021-04-27,JHARKHAND,40053,295652,0.135
2021-04-27,KARNATAKA,192095,1172403,0.164
2021-04-27,KERALA,174477,854084,0.204
2021-04-27,LAKSHADWEEP,965,10333,0.093
2021-04-27,MADHYA PRADESH,91013,384036,0.237
2021-04-27,MAHARASHTRA,445465,1896207,0.235
2021-04-27,MANIPUR,792,10958,0.072
2021-04-27,MEGHALAYA,1145,14930,0.077
2021-04-27,MIZORAM,506,16561,0.031
2021-04-27,NAGALAND,670,3625,0.185
2021-04-27,ODISHA,41353,281842,0.147
2021-04-27,PUDUCHERRY,5690,36146,0.157
2021-04-27,PUNJAB,40706,357481,0.114
2021-04-27,RAJASTHAN,104291,521842,0.2
2021-04-27,TAMIL NADU,95280,827436,0.115
2021-04-27,TELANGANA,46350,745832,0.062
2021-04-27,TRIPURA,593,20231,0.029
2021-04-27,UTTAR PRADESH,240345,1490277,0.161
2021-04-27,UTTARAKHAND,30666,274205,0.112
2021-04-27,WEST BENGAL,91589,365080,0.251
2021-04-28,ANDAMAN AND NICOBAR ISLANDS,298,11176,0.027
2021-04-28,ANDHRA PRADESH,77888,389404,0.2
2021-04-28,ARUNACHAL PRADESH,785,20204,0.039
2021-04-28,ASSAM,16329,446517,0.037
2021-04-28,BIHAR,85942,697898,0.123
2021-04-28,CHANDIGARH,5202,25591,0.203
2021-04-28,CHHATTISGARH,108040,364731,0.296
2021-04-28,DELHI,166524,508128,0.328
2021-04-28,GOA,12596,33801,0.373
2021-04-28,GUJARAT,96547,1236832,0.078
2021-04-28,HARYANA,76130,314444,0.242
2021-04-28,HIMACHAL PRADESH,11940,65890,0.181
2021-04-28,JAMMU AND KASHMIR,15816,291587,0.054
2021-04-28,JHARKHAND,41099,294808,0.139
2021-04-28,KARNATAKA,202131,1195031,0.169
2021-04-28,KERALA,187719,883062,0.213
2021-04-28,LAKSHADWEEP,1066,11757,0.091
2021-04-28,MADHYA PRADESH,91703,391828,0.234
2021-04-28,MAHARASHTRA,449726,1913001,0.235
2021-04-28,MANIPUR,873,10850,0.08
2021-04-28,MEGHALAYA,1155,15147,0.076
2021-04-28,NAGALAND,795,3778,0.21
2021-04-28,ODISHA,42665,286338,0.149
2021-04-28,PUDUCHERRY,6073,36978,0.164
2021-04-28,PUNJAB,41966,363638,0.115
2021-04-28,RAJASTHAN,108179,525692,0.206
2021-04-28,TAMIL NADU,100124,847656,0.118
2021-04-28,TELANGANA,50546,723327,0.07
2021-04-28,TRIPURA,644,22035,0.029
2021-04-28,UTTAR PRADESH,243692,1474508,0.165
2021-04-28,UTTARAKHAND,33357,284055,0.117
2021-04-28,WEST BENGAL,98173,370323,0.265
2021-04-29,ANDAMAN AND NICOBAR ISLANDS,326,10247,0.032
2021-04-29,ANDHRA PRADESH,82841,424533,0.195
2021-04-29,ARUNACHAL PRADESH,876,21558,0.041
2021-04-29,ASSAM,17709,439890,0.04
2021-04-29,BIHAR,87094,695813,0.125
2021-04-29,CHANDIGARH,5352,26182,0.204
2021-04-29,CHHATTISGARH,109084,378368,0.288
2021-04-29,DELHI,167872,511189,0.328
2021-04-29,GOA,14195,37730,0.376
2021-04-29,GUJARAT,98114,1228730,0.08
2021-04-29,HARYANA,78951,317358,0.249
2021-04-29,HIMACHAL PRADESH,12787,71080,0.18
2021-04-29,JAMMU AND KASHMIR,16635,295202,0.056
2021-04-29,JHARKHAND,44133,322326,0.137
2021-04-29,KARNATAKA,217620,1214747,0.179
2021-04-29,KERALA,200318,899489,0.223
2021-04-29,LAKSHADWEEP,978,10882,0.09
2021-04-29,MADHYA PRADESH,91354,395975,0.231
2021-04-29,MAHARASHTRA,445567,1913382,0.233
2021-04-29,MANIPUR,1040,11642,0.089
2021-04-29,MEGHALAYA,1122,14721,0.076
2021-04-29,MIZORAM,656,16967,0.039
2021-04-29,NAGALAND,822,3741,0.22
2021-04-29,ODISHA,46200,290191,0.159
2021-04-29,PUDUCHERRY,6712,38204,0.176
2021-04-29,PUNJAB,43917,362895,0.121
2021-04-29,RAJASTHAN,110170,530332,0.208
2021-04-29,TAMIL NADU,105108,865037,0.122
2021-04-29,TELANGANA,52065,675492,0.077
2021-04-29,UTTAR PRADESH,240337,1435725,0.167
2021-04-29,UTTARAKHAND,34604,289836,0.119
2021-04-29,WEST BENGAL,104596,375245,0.279
2021-04-30,ANDAMAN AND NICOBAR ISLANDS,348,10042,0.035
2021-04-30,ANDHRA PRADESH,86874,468697,0.185
2021-04-30,ARUNACHAL PRADESH,960,22341,0.043
2021-04-30,ASSAM,18857,433740,0.043
2021-04-30,BIHAR,88694,692722,0.128
2021-04-30,CHANDIGARH,5519,27019,0.204
2021-04-30,CHHATTISGARH,108138,384374,0.281
2021-04-30,DELHI,165938,512832,0.324
2021-04-30,GOA,15804,39734,0.398
2021-04-30,GUJARAT,99336,1208717,0.082
2021-04-30,HARYANA,83156,325376,0.256
2021-04-30,HIMACHAL PRADESH,14053,78303,0.179
2021-04-30,JAMMU AND KASHMIR,18144,302479,0.06
2021-04-30,JHARKHAND,42499,284780,0.149
2021-04-30,KARNATAKA,226849,1228029,0.185
2021-04-30,KERALA,211930,921860,0.23
2021-04-30,LAKSHADWEEP,991,11191,0.089
2021-04-30,MADHYA PRADESH,91732,404450,0.227
2021-04-30,MAHARASHTRA,444713,1920089,0.232
2021-04-30,MANIPUR,1268,12688,0.1
2021-04-30,MEGHALAYA,1129,15293,0.074
2021-04-30,MIZORAM,721,18420,0.039
2021-04-30,NAGALAND,950,4118,0.231
2021-04-30,ODISHA,47034,289272,0.163
2021-04-30,PUDUCHERRY,6847,43256,0.158
2021-04-30,PUNJAB,45191,371578,0.122
2021-04-30,RAJASTHAN,112971,557070,0.203
2021-04-30,TAMIL NADU,110353,889973,0.124
2021-04-30,TELANGANA,54492,653338,0.083
2021-04-30,TRIPURA,766,26417,0.029
2021-04-30,UTTAR PRADESH,241187,1464426,0.165
2021-04-30,UTTARAKHAND,36857,287987,0.128
2021-04-30,WEST BENGAL,110051,375815,0.293
2021-05-01,ANDAMAN AND NICOBAR ISLANDS,380,10301,0.037
2021-05-01,ANDHRA PRADESH,92462,509610,0.181
2021-05-01,ARUNACHAL PRADESH,989,22675,0.044
2021-05-01,ASSAM,19670,433574,0.045
2021-05-01,BIHAR,91875,682744,0.135
2021-05-01,CHANDIGARH,5415,26161,0.207
2021-05-01,CHHATTISGARH,105735,386625,0.273
2021-05-01,DELHI,168654,520540,0.324
2021-05-01,GOA,17408,43484,0.4
2021-05-01,GUJARAT,100137,1179814,0.085
2021-05-01,HARYANA,85135,326255,0.261
2021-05-01,HIMACHAL PRADESH,15222,79869,0.191
2021-05-01,JAMMU AND KASHMIR,19739,307406,0.064
2021-05-01,JHARKHAND,42719,279093,0.153
2021-05-01,KARNATAKA,248183,1240356,0.2
2021-05-01,KERALA,220682,940730,0.235
2021-05-01,LADAKH,880,9151,0.096
2021-05-01,LAKSHADWEEP,962,11229,0.086
2021-05-01,MADHYA PRADESH,90542,405982,0.223
2021-05-01,MAHARASHTRA,440796,1932686,0.228
2021-05-01,MANIPUR,1435,12844,0.112
2021-05-01,MEGHALAYA,1215,15657,0.078
2021-05-01,MIZORAM,799,18220,0.044
2021-05-01,NAGALAND,1087,4409,0.247
2021-05-01,ODISHA,49500,293186,0.169
2021-05-01,PUDUCHERRY,7250,44626,0.162
2021-05-01,PUNJAB,44526,372641,0.119
2021-05-01,RAJASTHAN,114728,553222,0.207
2021-05-01,TAMIL NADU,115269,907951,0.127
2021-05-01,TELANGANA,55932,624827,0.09
2021-05-01,TRIPURA,867,29417,0.029
2021-05-01,UTTAR PRADESH,238954,1483137,0.161
2021-05-01,UTTARAKHAND,38172,281947,0.135
2021-05-01,WEST BENGAL,114586,376417,0.304
2021-05-02,ANDAMAN AND NICOBAR ISLANDS,432,10620,0.041
2021-05-02,ANDHRA PRADESH,100176,556852,0.18
2021-05-02,ARUNACHAL PRADESH,1090,23076,0.047
2021-05-02,ASSAM,20887,418482,0.05
2021-05-02,BIHAR,93305,677002,0.138
2021-05-02,CHANDIGARH,5503,26362,0.209
2021-05-02,CHHATTISGARH,104906,390263,0.269
2021-05-02,DELHI,169770,525618,0.323
2021-05-02,GOA,18171,44848,0.405
2021-05-02,GUJARAT,99887,1145551,0.087
2021-05-02,HARYANA,88232,328009,0.269
2021-05-02,HIMACHAL PRADESH,15900,81117,0.196
2021-05-02,JAMMU AND KASHMIR,21541,311020,0.069
2021-05-02,JHARKHAND,43890,274479,0.16
2021-05-02,KARNATAKA,259735,1228725,0.211
2021-05-02,KERALA,229633,956049,0.24
2021-05-02,LAKSHADWEEP,961,12160,0.079
2021-05-02,MADHYA PRADESH,90003,410938,0.219
2021-05-02,MAHARASHTRA,436918,1935280,0.226
2021-05-02,MANIPUR,1624,13834,0.117
2021-05-02,MEGHALAYA,1322,16878,0.078
2021-05-02,MIZORAM,849,19020,0.045
2021-05-02,NAGALAND,1131,4305,0.263
2021-05-02,ODISHA,53266,299631,0.178
2021-05-02,PUDUCHERRY,7730,45127,0.171
2021-05-02,PUNJAB,45880,378732,0.121
2021-05-02,RAJASTHAN,117025,551313,0.212
2021-05-02,TAMIL NADU,120015,933685,0.129
2021-05-02,TELANGANA,56254,598987,0.094
2021-05-02,TRIPURA,913,30341,0.03
2021-05-02,UTTAR PRADESH,231190,1523672,0.152
2021-05-02,UTTARAKHAND,38581,278206,0.139
2021-05-02,WEST BENGAL,117817,377654,0.312
2021-05-03,ANDAMAN AND NICOBAR ISLANDS,419,9951,0.042
2021-05-03,ANDHRA PRADESH,111462,608266,0.183
2021-05-03,ARUNACHAL PRADESH,1131,23146,0.049
2021-05-03,ASSAM,21428,408626,0.052
2021-05-03,BIHAR,94044,665904,0.141
2021-05-03,CHANDIGARH,5614,26572,0.211
2021-05-03,CHHATTISGARH,104065,391145,0.266
2021-05-03,DELHI,167231,521703,0.321
2021-05-03,GOA,17908,43696,0.41
2021-05-03,GUJARAT,98569,1115093,0.088
2021-05-03,HARYANA,90569,331250,0.273
2021-05-03,HIMACHAL PRADESH,16990,83637,0.203
2021-05-03,JAMMU AND KASHMIR,22731,302419,0.075
2021-05-03,JHARKHAND,42725,269601,0.158
2021-05-03,KARNATAKA,262664,1210476,0.217
2021-05-03,KERALA,233123,941911,0.248
2021-05-03,LAKSHADWEEP,884,12434,0.071
2021-05-03,MADHYA PRADESH,89064,412333,0.216
2021-05-03,MAHARASHTRA,427374,1903215,0.225
2021-05-03,MANIPUR,1740,14306,0.122
2021-05-03,MEGHALAYA,1435,18225,0.079
2021-05-03,MIZORAM,896,18833,0.048
2021-05-03,NAGALAND,1167,4200,0.278
2021-05-03,ODISHA,55165,302426,0.182
2021-05-03,PUDUCHERRY,8082,44668,0.181
2021-05-03,PUNJAB,46180,379236,0.122
2021-05-03,RAJASTHAN,119514,556088,0.215
2021-05-03,TAMIL NADU,125124,950470,0.132
2021-05-03,TELANGANA,55558,566715,0.098
2021-05-03,TRIPURA,1060,31485,0.034
2021-05-03,UTTAR PRADESH,226736,1581473,0.143
2021-05-03,UTTARAKHAND,39819,266889,0.149
2021-05-03,WEST BENGAL,119443,378263,0.316
2021-05-04,ANDAMAN AND NICOBAR ISLANDS,434,9050,0.048
2021-05-04,ANDHRA PRADESH,120553,649500,0.186
2021-05-04,ARUNACHAL PRADESH,1183,23317,0.051
2021-05-04,ASSAM,22780,391384,0.058
2021-05-04,BIHAR,93650,658101,0.142
2021-05-04,CHANDIGARH,5683,26581,0.214
2021-05-04,CHHATTISGARH,104255,395388,0.264
2021-05-04,DELHI,165073,525058,0.314
2021-05-04,GOA,18290,42937,0.426
2021-05-04,GUJARAT,97049,1087819,0.089
2021-05-04,HARYANA,91950,344293,0.267
2021-05-04,HIMACHAL PRADESH,17928,82750,0.217
2021-05-04,JAMMU AND KASHMIR,24329,299544,0.081
2021-05-04,JHARKHAND,44083,285233,0.155
2021-05-04,KARNATAKA,277358,1193159,0.232
2021-05-04,KERALA,237244,941829,0.252
2021-05-04,LAKSHADWEEP,833,11891,0.07
2021-05-04,MADHYA PRADESH,88440,414799,0.213
2021-05-04,MAHARASHTRA,427295,1892408,0.226
2021-05-04,MANIPUR,1956,15374,0.127
2021-05-04,MEGHALAYA,1551,17858,0.087
2021-05-04,MIZORAM,948,19642,0.048
2021-05-04,NAGALAND,1213,4330,0.28
2021-05-04,ODISHA,57480,309427,0.186
2021-05-04,PUDUCHERRY,8134,44550,0.183
2021-05-04,PUNJAB,46676,380670,0.123
2021-05-04,RAJASTHAN,120372,560594,0.215
2021-05-04,TAMIL NADU,130392,971307,0.134
2021-05-04,TELANGANA,54702,552182,0.099
2021-05-04,TRIPURA,1096,30850,0.036
2021-05-04,UTTAR PRADESH,222237,1634366,0.136
2021-05-04,UTTARAKHAND,40164,236984,0.169
2021-05-04,WEST BENGAL,120952,384988,0.314
2021-05-05,ANDAMAN AND NICOBAR ISLANDS,417,7745,0.054
2021-05-05,ANDHRA PRADESH,129153,690849,0.187
2021-05-05,ARUNACHAL PRADESH,1294,24051,0.054
2021-05-05,ASSAM,24123,383759,0.063
2021-05-05,BIHAR,95840,652664,0.147
2021-05-05,CHANDIGARH,5626,25572,0.22
2021-05-05,CHHATTISGARH,105147,398266,0.264
2021-05-05,DELHI,160877,525901,0.306
2021-05-05,GOA,18994,43941,0.432
2021-05-05,GUJARAT,95747,1065402,0.09
2021-05-05,HARYANA,95805,355503,0.269
2021-05-05,HIMACHAL PRADESH,19595,87623,0.224
2021-05-05,JAMMU AND KASHMIR,25815,293133,0.088
2021-05-05,JHARKHAND,43931,288336,0.152
2021-05-05,KARNATAKA,290159,1176750,0.247
2021-05-05,KERALA,241615,943218,0.256
2021-05-05,LAKSHADWEEP,848,11753,0.072
2021-05-05,MADHYA PRADESH,87259,421676,0.207
2021-05-05,MAHARASHTRA,412817,1850645,0.223
2021-05-05,MANIPUR,2214,16002,0.138
2021-05-05,MEGHALAYA,1743,18016,0.097
2021-05-05,MIZORAM,1043,19670,0.053
2021-05-05,ODISHA,59623,316264,0.189
2021-05-05,PUDUCHERRY,8251,44868,0.184
2021-05-05,PUNJAB,48274,388901,0.124
2021-05-05,RAJASTHAN,121257,570319,0.213
2021-05-05,SIKKIM,1272,4573,0.278
2021-05-05,TAMIL NADU,135790,990270,0.137
2021-05-05,TELANGANA,51456,523505,0.098
2021-05-05,TRIPURA,1256,31865,0.039
2021-05-05,UTTAR PRADESH,215086,1658869,0.13
2021-05-05,UTTARAKHAND,41489,237156,0.175
2021-05-05,WEST BENGAL,122188,387449,0.315
2021-05-06,ANDAMAN AND NICOBAR ISLANDS,407,7406,0.055
2021-05-06,ANDHRA PRADESH,136688,732468,0.187
2021-05-06,ARUNACHAL PRADESH,1350,23836,0.057
2021-05-06,ASSAM,25904,380353,0.068
2021-05-06,BIHAR,97302,644017,0.151
2021-05-06,CHANDIGARH,5671,25723,0.22
2021-05-06,CHHATTISGARH,104741,398721,0.263
2021-05-06,DELHI,155851,523563,0.298
2021-05-06,GOA,19389,42692,0.454
2021-05-06,GUJARAT,94582,1036678,0.091
2021-05-06,HARYANA,98777,358216,0.276
2021-05-06,HIMACHAL PRADESH,20898,88883,0.235
2021-05-06,JAMMU AND KASHMIR,27508,288079,0.095
2021-05-06,JHARKHAND,41626,253065,0.164
2021-05-06,KARNATAKA,301224,1159977,0.26
2021-05-06,KERALA,248555,968349,0.257
2021-05-06,LADAKH,1053,10435,0.101
2021-05-06,LAKSHADWEEP,872,11998,0.073
2021-05-06,MADHYA PRADESH,86820,429264,0.202
2021-05-06,MAHARASHTRA,407148,1856720,0.219
2021-05-06,MANIPUR,2352,15588,0.151
2021-05-06,MEGHALAYA,1853,18210,0.102
2021-05-06,MIZORAM,1053,19583,0.054
2021-05-06,NAGALAND,1435,4595,0.312
2021-05-06,ODISHA,61126,321964,0.19
2021-05-06,PUDUCHERRY,8812,44928,0.196
2021-05-06,PUNJAB,49323,402872,0.122
2021-05-06,RAJASTHAN,121459,577385,0.21
2021-05-06,SIKKIM,1342,4859,0.276
2021-05-06,TAMIL NADU,142435,1015610,0.14
2021-05-06,TELANGANA,49756,518670,0.096
2021-05-06,TRIPURA,1372,31753,0.043
2021-05-06,UTTAR PRADESH,216446,1704120,0.127
2021-05-06,UTTARAKHAND,43218,200580,0.215
2021-05-06,WEST BENGAL,123083,392032,0.314
2021-05-07,ANDAMAN AND NICOBAR ISLANDS,380,6532,0.058
2021-05-07,ANDHRA PRADESH,143850,756580,0.19
2021-05-07,ARUNACHAL PRADESH,1378,23771,0.058
2021-05-07,ASSAM,27761,374452,0.074
2021-05-07,BIHAR,99339,651069,0.153
2021-05-07,CHANDIGARH,5629,24816,0.227
2021-05-07,CHHATTISGARH,102783,399059,0.258
2021-05-07,DELHI,150749,528492,0.285
2021-05-07,GOA,20239,44300,0.457
2021-05-07,GUJARAT,92800,1005919,0.092
2021-05-07,HARYANA,99670,361643,0.276
2021-05-07,HIMACHAL PRADESH,21800,92755,0.235
2021-05-07,JAMMU AND KASHMIR,28960,285467,0.101
2021-05-07,JHARKHAND,42639,308538,0.138
2021-05-07,KARNATAKA,315258,1148602,0.274
2021-05-07,KERALA,252412,966433,0.261
2021-05-07,LADAKH,1043,11137,0.094
2021-05-07,LAKSHADWEEP,866,11741,0.074
2021-05-07,MADHYA PRADESH,86479,437917,0.197
2021-05-07,MAHARASHTRA,403183,1845593,0.218
2021-05-07,MANIPUR,2418,15367,0.157
2021-05-07,MEGHALAYA,2013,18653,0.108
2021-05-07,MIZORAM,1085,19119,0.057
2021-05-07,NAGALAND,1521,4860,0.313
2021-05-07,ODISHA,64649,326214,0.198
2021-05-07,PUDUCHERRY,9200,42351,0.217
2021-05-07,PUNJAB,51440,410460,0.125
2021-05-07,RAJASTHAN,121722,582111,0.209
2021-05-07,SIKKIM,1436,5023,0.286
2021-05-07,TAMIL NADU,149436,1027151,0.145
2021-05-07,TELANGANA,47788,518313,0.092
2021-05-07,TRIPURA,1506,32030,0.047
2021-05-07,UTTAR PRADESH,207964,1704498,0.122
2021-05-07,UTTARAKHAND,45484,201718,0.225
2021-05-07,WEST BENGAL,124111,398413,0.312
2021-05-08,ANDAMAN AND NICOBAR ISLANDS,362,5071,0.071
2021-05-08,ANDHRA PRADESH,143684,770510,0.186
2021-05-08,ARUNACHAL PRADESH,1383,23560,0.059
2021-05-08,ASSAM,30190,370531,0.081
2021-05-08,BIHAR,96952,660053,0.147
2021-05-08,CHANDIGARH,5795,25510,0.227
2021-05-08,CHHATTISGARH,101417,401562,0.253
2021-05-08,DELHI,143534,525340,0.273
2021-05-08,GOA,21410,45713,0.468
2021-05-08,GUJARAT,90259,983968,0.092
2021-05-08,HARYANA,99704,364126,0.274
2021-05-08,HIMACHAL PRADESH,23619,96263,0.245
2021-05-08,JAMMU AND KASHMIR,30871,289135,0.107
2021-05-08,JHARKHAND,42651,319611,0.133
2021-05-08,KARNATAKA,315743,1117711,0.282
2021-05-08,KERALA,253673,961291,0.264
2021-05-08,LADAKH,1054,12587,0.084
2021-05-08,LAKSHADWEEP,862,11937,0.072
2021-05-08,MADHYA PRADESH,85787,444471,0.193
2021-05-08,MAHARASHTRA,394286,1824298,0.216
2021-05-08,MANIPUR,2747,16833,0.163
2021-05-08,MEGHALAYA,2081,19208,0.108
2021-05-08,MIZORAM,1128,19349,0.058
2021-05-08,NAGALAND,1604,4781,0.335
2021-05-08,ODISHA,68206,331561,0.206
2021-05-08,PUDUCHERRY,9751,44120,0.221
2021-05-08,PUNJAB,53674,421236,0.127
2021-05-08,RAJASTHAN,122798,577706,0.213
2021-05-08,SIKKIM,1499,5012,0.299
2021-05-08,TAMIL NADU,157209,1036392,0.152
2021-05-08,TELANGANA,51593,582644,0.089
2021-05-08,TRIPURA,1680,32791,0.051
2021-05-08,UTTAR PRADESH,201355,1701734,0.118
2021-05-08,UTTARAKHAND,49472,208539,0.237
2021-05-08,WEST BENGAL,125916,409716,0.307
2021-05-09,ANDAMAN AND NICOBAR ISLANDS,295,4322,0.068
2021-05-09,ANDHRA PRADESH,144337,773867,0.187
2021-05-09,ARUNACHAL PRADESH,1410,23262,0.061
2021-05-09,ASSAM,32493,381669,0.085
2021-05-09,BIHAR,96111,672377,0.143
2021-05-09,CHANDIGARH,5866,25441,0.231
2021-05-09,CHHATTISGARH,97754,402613,0.243
2021-05-09,DELHI,135679,519944,0.261
2021-05-09,GOA,22858,47931,0.477
2021-05-09,GUJARAT,88304,968141,0.091
2021-05-09,HARYANA,100783,368858,0.273
2021-05-09,HIMACHAL PRADESH,26292,103206,0.255
2021-05-09,JAMMU AND KASHMIR,31827,291522,0.109
2021-05-09,JHARKHAND,42440,333974,0.127
2021-05-09,KARNATAKA,322316,1096756,0.294
2021-05-09,KERALA,260008,963363,0.27
2021-05-09,LADAKH,1093,13709,0.08
2021-05-09,LAKSHADWEEP,833,10261,0.081
2021-05-09,MADHYA PRADESH,85006,450161,0.189
2021-05-09,MAHARASHTRA,387582,1796043,0.216
2021-05-09,MANIPUR,2870,17435,0.165
2021-05-09,MEGHALAYA,2194,18870,0.116
2021-05-09,MIZORAM,1250,19520,0.064
2021-05-09,NAGALAND,1779,16315,0.109
2021-05-09,ODISHA,69600,334963,0.208
2021-05-09,PUDUCHERRY,10075,46721,0.216
2021-05-09,PUNJAB,55699,425607,0.131
2021-05-09,RAJASTHAN,123133,572957,0.215
2021-05-09,SIKKIM,1440,4897,0.294
2021-05-09,TAMIL NADU,165018,1040938,0.159
2021-05-09,TELANGANA,49025,573862,0.085
2021-05-09,TRIPURA,1866,34383,0.054
2021-05-09,UTTAR PRADESH,197811,1659644,0.119
2021-05-09,UTTARAKHAND,52369,215281,0.243
2021-05-09,WEST BENGAL,127840,416796,0.307
2021-05-10,ANDAMAN AND NICOBAR ISLANDS,283,3926,0.072
2021-05-10,ANDHRA PRADESH,142581,765062,0.186
2021-05-10,ARUNACHAL PRADESH,1427,23058,0.062
2021-05-10,ASSAM,33407,393986,0.085
2021-05-10,BIHAR,93836,692174,0.136
2021-05-10,CHANDIGARH,5901,25372,0.233
2021-05-10,CHHATTISGARH,95049,409313,0.232
2021-05-10,DELHI,128621,509499,0.252
2021-05-10,GOA,23461,48808,0.481
2021-05-10,GUJARAT,86410,957858,0.09
2021-05-10,HARYANA,101009,374072,0.27
2021-05-10,HIMACHAL PRADESH,26932,102889,0.262
2021-05-10,JAMMU AND KASHMIR,33446,304354,0.11
2021-05-10,JHARKHAND,41871,346197,0.121
2021-05-10,KARNATAKA,332513,1084882,0.306
2021-05-10,KERALA,263850,974708,0.271
2021-05-10,LADAKH,1091,13444,0.081
2021-05-10,LAKSHADWEEP,871,9246,0.094
2021-05-10,MADHYA PRADESH,83395,454956,0.183
2021-05-10,MAHARASHTRA,379336,1786039,0.212
2021-05-10,MANIPUR,3193,18339,0.174
2021-05-10,MEGHALAYA,2291,18413,0.124
2021-05-10,NAGALAND,1800,16910,0.106
2021-05-10,ODISHA,72220,337160,0.214
2021-05-10,PUDUCHERRY,10348,50570,0.205
2021-05-10,PUNJAB,56855,426583,0.133
2021-05-10,RAJASTHAN,122756,563710,0.218
2021-05-10,SIKKIM,1437,4906,0.293
2021-05-10,TAMIL NADU,173147,1051645,0.165
2021-05-10,TELANGANA,46571,552890,0.084
2021-05-10,TRIPURA,1970,35425,0.056
2021-05-10,UTTAR PRADESH,190129,1591854,0.119
2021-05-10,UTTARAKHAND,52653,215731,0.244
2021-05-10,WEST BENGAL,129766,423682,0.306
2021-05-11,ANDAMAN AND NICOBAR ISLANDS,248,3508,0.071
2021-05-11,ANDHRA PRADESH,138595,709911,0.195
2021-05-11,ARUNACHAL PRADESH,1412,22183,0.064
2021-05-11,ASSAM,34721,410244,0.085
2021-05-11,BIHAR,92603,719628,0.129
2021-05-11,CHANDIGARH,5874,25217,0.233
2021-05-11,CHHATTISGARH,91642,415629,0.22
2021-05-11,DELHI,123229,514688,0.239
2021-05-11,GOA,23562,48902,0.482
2021-05-11,GUJARAT,85182,961763,0.089
2021-05-11,HARYANA,100842,375209,0.269
2021-05-11,HIMACHAL PRADESH,28661,105601,0.271
2021-05-11,JAMMU AND KASHMIR,33327,309521,0.108
2021-05-11,JHARKHAND,41159,395426,0.104
2021-05-11,KARNATAKA,327380,1059902,0.309
2021-05-11,KERALA,265326,978160,0.271
2021-05-11,LADAKH,1114,14913,0.075
2021-05-11,LAKSHADWEEP,902,9227,0.098
2021-05-11,MADHYA PRADESH,81048,459038,0.177
2021-05-11,MAHARASHTRA,367951,1766701,0.208
2021-05-11,MANIPUR,3255,18696,0.174
2021-05-11,MEGHALAYA,2454,18157,0.135
2021-05-11,MIZORAM,1265,19747,0.064
2021-05-11,NAGALAND,1832,16994,0.108
2021-05-11,ODISHA,73337,338894,0.216
2021-05-11,PUDUCHERRY,10815,53063,0.204
2021-05-11,PUNJAB,58632,427597,0.137
2021-05-11,RAJASTHAN,121947,556078,0.219
2021-05-11,SIKKIM,1456,4930,0.295
2021-05-11,TAMIL NADU,181173,1056857,0.171
2021-05-11,TELANGANA,45702,560071,0.082
2021-05-11,TRIPURA,1969,36178,0.054
2021-05-11,UTTAR PRADESH,182354,1577874,0.116
2021-05-11,UTTARAKHAND,52791,209078,0.252
2021-05-11,WEST BENGAL,131710,430581,0.306
2021-05-12,ANDAMAN AND NICOBAR ISLANDS,245,3088,0.079
2021-05-12,ANDHRA PRADESH,138906,681005,0.204
2021-05-12,ARUNACHAL PRADESH,1383,21349,0.065
2021-05-12,ASSAM,36504,423813,0.086
2021-05-12,BIHAR,88729,734808,0.121
2021-05-12,CHANDIGARH,5881,24853,0.237
2021-05-12,CHHATTISGARH,85574,422406,0.203
2021-05-12,DELHI,115757,510310,0.227
2021-05-12,GOA,23872,50855,0.469
2021-05-12,GUJARAT,83122,964503,0.086
2021-05-12,HARYANA,96693,381675,0.253
2021-05-12,HIMACHAL PRADESH,29814,106933,0.279
2021-05-12,JAMMU AND KASHMIR,33029,313007,0.106
2021-05-12,JHARKHAND,39550,411929,0.096
2021-05-12,KARNATAKA,322259,1022433,0.315
2021-05-12,KERALA,265426,974859,0.272
2021-05-12,LADAKH,1004,14742,0.068
2021-05-12,LAKSHADWEEP,838,8171,0.103
2021-05-12,MADHYA PRADESH,78566,459000,0.171
2021-05-12,MAHARASHTRA,357027,1743409,0.205
2021-05-12,MANIPUR,3414,19665,0.174
2021-05-12,MEGHALAYA,2565,18689,0.137
2021-05-12,MIZORAM,1239,19789,0.063
2021-05-12,ODISHA,74914,341453,0.219
2021-05-12,PUDUCHERRY,11726,55301,0.212
2021-05-12,PUNJAB,59712,424730,0.141
2021-05-12,RAJASTHAN,121053,540511,0.224
2021-05-12,SIKKIM,1467,4838,0.303
2021-05-12,TAMIL NADU,189217,1072456,0.176
2021-05-12,TELANGANA,43627,564399,0.077
2021-05-12,TRIPURA,2164,37081,0.058
2021-05-12,UTTAR PRADESH,177029,1603961,0.11
2021-05-12,UTTARAKHAND,52883,198960,0.266
2021-05-12,WEST BENGAL,134207,440975,0.304
2021-05-13,ANDAMAN AND NICOBAR ISLANDS,247,2965,0.083
2021-05-13,ANDHRA PRADESH,138154,655388,0.211
2021-05-13,ARUNACHAL PRADESH,1442,21206,0.068
2021-05-13,ASSAM,37335,435695,0.086
2021-05-13,BIHAR,83756,751300,0.111
2021-05-13,CHANDIGARH,5840,24583,0.238
2021-05-13,CHHATTISGARH,80567,433687,0.186
2021-05-13,DELHI,108084,508854,0.212
2021-05-13,GOA,23241,51006,0.456
2021-05-13,GUJARAT,81184,962976,0.084
2021-05-13,HARYANA,93767,398344,0.235
2021-05-13,HIMACHAL PRADESH,30949,108051,0.286
2021-05-13,JAMMU AND KASHMIR,32822,314555,0.104
2021-05-13,JHARKHAND,38142,424548,0.09
2021-05-13,KARNATAKA,312145,1002001,0.312
2021-05-13,KERALA,267002,957858,0.279
2021-05-13,LADAKH,996,15760,0.063
2021-05-13,LAKSHADWEEP,826,7760,0.106
2021-05-13,MADHYA PRADESH,75217,457394,0.164
2021-05-13,MAHARASHTRA,346168,1716376,0.202
2021-05-13,MANIPUR,3683,21242,0.173
2021-05-13,MEGHALAYA,2702,20678,0.131
2021-05-13,MIZORAM,1241,20311,0.061
2021-05-13,NAGALAND,1886,18491,0.102
2021-05-13,ODISHA,76007,342543,0.222
2021-05-13,PUDUCHERRY,11914,57584,0.207
2021-05-13,PUNJAB,60030,422263,0.142
2021-05-13,RAJASTHAN,120622,524856,0.23
2021-05-13,SIKKIM,1473,4767,0.309
2021-05-13,TAMIL NADU,196262,1073430,0.183
2021-05-13,TELANGANA,41989,556489,0.075
2021-05-13,TRIPURA,2340,37983,0.062
2021-05-13,UTTAR PRADESH,163941,1619226,0.101
2021-05-13,UTTARAKHAND,52849,227991,0.232
2021-05-13,WEST BENGAL,136482,451330,0.302
2021-05-14,ANDAMAN AND NICOBAR ISLANDS,255,2985,0.085
2021-05-14,ANDHRA PRADESH,138599,641687,0.216
2021-05-14,ARUNACHAL PRADESH,1476,20827,0.071
2021-05-14,ASSAM,37867,433912,0.087
2021-05-14,BIHAR,76382,743940,0.103
2021-05-14,CHANDIGARH,5841,25226,0.232
2021-05-14,CHHATTISGARH,75842,440081,0.172
2021-05-14,DELHI,99440,503749,0.197
2021-05-14,GOA,21863,50572,0.432
2021-05-14,GUJARAT,79381,964252,0.082
2021-05-14,HARYANA,91213,411353,0.222
2021-05-14,HIMACHAL PRADESH,31944,106323,0.3
2021-05-14,JAMMU AND KASHMIR,32252,311483,0.104
2021-05-14,JHARKHAND,36159,391862,0.092
2021-05-14,KARNATAKA,298384,965228,0.309
2021-05-14,KERALA,264493,941882,0.281
2021-05-14,LADAKH,1007,15832,0.064
2021-05-14,LAKSHADWEEP,867,7997,0.108
2021-05-14,MADHYA PRADESH,71215,455498,0.156
2021-05-14,MAHARASHTRA,326556,1689688,0.193
2021-05-14,MANIPUR,3863,22651,0.171
2021-05-14,MEGHALAYA,2946,21051,0.14
2021-05-14,NAGALAND,1985,19069,0.104
2021-05-14,ODISHA,76135,345680,0.22
2021-05-14,PUDUCHERRY,12346,59726,0.207
2021-05-14,PUNJAB,59599,427496,0.139
2021-05-14,RAJASTHAN,118957,507227,0.235
2021-05-14,SIKKIM,1440,4550,0.316
2021-05-14,TAMIL NADU,201985,1079429,0.187
2021-05-14,TELANGANA,40656,547886,0.074
2021-05-14,TRIPURA,2520,38865,0.065
2021-05-14,UTTAR PRADESH,155064,1648150,0.094
2021-05-14,UTTARAKHAND,51459,220964,0.233
2021-05-14,WEST BENGAL,138890,461698,0.301
2021-05-15,ANDAMAN AND NICOBAR ISLANDS,231,2920,0.079
2021-05-15,ANDHRA PRADESH,143429,630350,0.228
2021-05-15,ARUNACHAL PRADESH,1571,20472,0.077
2021-05-15,ASSAM,36319,409651,0.089
2021-05-15,BIHAR,70410,745103,0.094
2021-05-15,CHANDIGARH,5601,24689,0.227
2021-05-15,CHHATTISGARH,69808,441236,0.158
2021-05-15,DELHI,88114,492731,0.179
2021-05-15,GOA,20123,49171,0.409
2021-05-15,GUJARAT,77312,954412,0.081
2021-05-15,HARYANA,87954,423751,0.208
2021-05-15,HIMACHAL PRADESH,30811,102252,0.301
2021-05-15,JAMMU AND KASHMIR,29836,293317,0.102
2021-05-15,JHARKHAND,33962,398981,0.085
2021-05-15,KARNATAKA,291382,933431,0.312
2021-05-15,KERALA,260727,928912,0.281
2021-05-15,LADAKH,1133,15235,0.074
2021-05-15,LAKSHADWEEP,939,7721,0.122
2021-05-15,MADHYA PRADESH,67594,458587,0.147
2021-05-15,MAHARASHTRA,312457,1671560,0.187
2021-05-15,MANIPUR,3989,22459,0.178
2021-05-15,MEGHALAYA,3276,20688,0.158
2021-05-15,MIZORAM,1230,18645,0.066
2021-05-15,NAGALAND,1951,19516,0.1
2021-05-15,ODISHA,76287,351095,0.217
2021-05-15,PUDUCHERRY,12574,60654,0.207
2021-05-15,PUNJAB,59337,430133,0.138
2021-05-15,RAJASTHAN,115015,497230,0.231
2021-05-15,SIKKIM,1404,4491,0.313
2021-05-15,TAMIL NADU,207412,1086659,0.191
2021-05-15,TELANGANA,33510,463880,0.072
2021-05-15,TRIPURA,2757,39337,0.07
2021-05-15,UTTAR PRADESH,142948,1670590,0.086
2021-05-15,UTTARAKHAND,47592,213208,0.223
2021-05-15,WEST BENGAL,140520,467198,0.301
2021-05-16,ANDAMAN AND NICOBAR ISLANDS,227,2560,0.089
2021-05-16,ANDHRA PRADESH,145881,618314,0.236
2021-05-16,ARUNACHAL PRADESH,1576,20077,0.078
2021-05-16,ASSAM,35910,409212,0.088
2021-05-16,BIHAR,64798,747265,0.087
2021-05-16,CHANDIGARH,5391,24303,0.222
2021-05-16,CHHATTISGARH,65233,449561,0.145
2021-05-16,DELHI,77180,475158,0.162
2021-05-16,GOA,18329,46627,0.393
2021-05-16,GUJARAT,74481,947788,0.079
2021-05-16,HARYANA,82963,424753,0.195
2021-05-16,HIMACHAL PRADESH,29532,98988,0.298
2021-05-16,JAMMU AND KASHMIR,28725,280064,0.103
2021-05-16,JHARKHAND,31007,406262,0.076
2021-05-16,KARNATAKA,285483,894749,0.319
2021-05-16,KERALA,251436,902994,0.278
2021-05-16,LADAKH,1154,14392,0.08
2021-05-16,LAKSHADWEEP,894,6765,0.132
2021-05-16,MADHYA PRADESH,63567,451566,0.141
2021-05-16,MAHARASHTRA,290727,1648073,0.176
2021-05-16,MANIPUR,4277,23066,0.185
2021-05-16,MEGHALAYA,3461,20954,0.165
2021-05-16,NAGALAND,1922,8269,0.232
2021-05-16,ODISHA,76285,357233,0.214
2021-05-16,PUDUCHERRY,12469,60661,0.206
2021-05-16,PUNJAB,57066,432819,0.132
2021-05-16,RAJASTHAN,110593,468004,0.236
2021-05-16,SIKKIM,1419,4657,0.305
2021-05-16,TAMIL NADU,213673,1095606,0.195
2021-05-16,TELANGANA,32622,459094,0.071
2021-05-16,TRIPURA,2847,38235,0.074
2021-05-16,UTTAR PRADESH,128825,1703142,0.076
2021-05-16,UTTARAKHAND,44856,197908,0.227
2021-05-16,WEST BENGAL,140595,470384,0.299
2021-05-17,ANDAMAN AND NICOBAR ISLANDS,236,2741,0.086
2021-05-17,ANDHRA PRADESH,147888,607370,0.243
2021-05-17,ARUNACHAL PRADESH,1637,19905,0.082
2021-05-17,ASSAM,36261,415961,0.087
2021-05-17,BIHAR,60433,758346,0.08
2021-05-17,CHANDIGARH,5160,23957,0.215
2021-05-17,CHHATTISGARH,61001,452857,0.135
2021-05-17,DELHI,70300,475665,0.148
2021-05-17,GOA,17010,44833,0.379
2021-05-17,GUJARAT,71607,944485,0.076
2021-05-17,HARYANA,78530,429848,0.183
2021-05-17,HIMACHAL PRADESH,28817,99807,0.289
2021-05-17,JAMMU AND KASHMIR,27676,268227,0.103
2021-05-17,JHARKHAND,29159,411563,0.071
2021-05-17,KARNATAKA,269084,861477,0.312
2021-05-17,KERALA,245339,894996,0.274
2021-05-17,LADAKH,1135,14316,0.079
2021-05-17,LAKSHADWEEP,886,6389,0.139
2021-05-17,MADHYA PRADESH,59622,461801,0.129
2021-05-17,MAHARASHTRA,276715,1665194,0.166
2021-05-17,MANIPUR,4375,23266,0.188
2021-05-17,MEGHALAYA,3612,22516,0.16
2021-05-17,NAGALAND,1926,8056,0.239
2021-05-17,ODISHA,77382,364918,0.212
2021-05-17,PUDUCHERRY,12797,61085,0.209
2021-05-17,PUNJAB,55580,445475,0.125
2021-05-17,RAJASTHAN,102962,465295,0.221
2021-05-17,SIKKIM,1532,4795,0.319
2021-05-17,TAMIL NADU,217957,1108628,0.197
2021-05-17,TELANGANA,31462,448721,0.07
2021-05-17,TRIPURA,3257,39499,0.082
2021-05-17,UTTAR PRADESH,116155,1741289,0.067
2021-05-17,UTTARAKHAND,43013,205039,0.21
2021-05-17,WEST BENGAL,140271,471838,0.297
2021-05-18,ANDAMAN AND NICOBAR ISLANDS,240,2809,0.085
2021-05-18,ANDHRA PRADESH,151463,620995,0.244
2021-05-18,ARUNACHAL PRADESH,1736,21241,0.082
2021-05-18,ASSAM,36852,435245,0.085
2021-05-18,BIHAR,56179,783576,0.072
2021-05-18,CHANDIGARH,4917,23556,0.209
2021-05-18,CHHATTISGARH,55711,453048,0.123
2021-05-18,DELHI,62173,463187,0.134
2021-05-18,GOA,15768,42991,0.367
2021-05-18,GUJARAT,67150,930351,0.072
2021-05-18,HARYANA,73300,430079,0.17
2021-05-18,HIMACHAL PRADESH,28004,102118,0.274
2021-05-18,JAMMU AND KASHMIR,27406,266042,0.103
2021-05-18,JHARKHAND,25479,363694,0.07
2021-05-18,KARNATAKA,268382,834603,0.322
2021-05-18,KERALA,239254,881753,0.271
2021-05-18,LADAKH,1153,14265,0.081
2021-05-18,LAKSHADWEEP,1004,6969,0.144
2021-05-18,MADHYA PRADESH,55828,465012,0.12
2021-05-18,MAHARASHTRA,266095,1707280,0.156
2021-05-18,MANIPUR,4281,23301,0.184
2021-05-18,MEGHALAYA,3837,23059,0.166
2021-05-18,MIZORAM,1206,16836,0.072
2021-05-18,NAGALAND,2066,8753,0.236
2021-05-18,ODISHA,78108,374977,0.208
2021-05-18,PUDUCHERRY,12977,63315,0.205
2021-05-18,PUNJAB,53912,468663,0.115
2021-05-18,RAJASTHAN,98072,460302,0.213
2021-05-18,SIKKIM,1556,4850,0.321
2021-05-18,TAMIL NADU,222054,1118672,0.198
2021-05-18,TELANGANA,30597,445389,0.069
2021-05-18,TRIPURA,3459,40676,0.085
2021-05-18,UTTAR PRADESH,104223,1780990,0.059
2021-05-18,UTTARAKHAND,41191,208140,0.198
2021-05-18,WEST BENGAL,139829,469446,0.298
2021-05-19,ANDAMAN AND NICOBAR ISLANDS,248,2879,0.086
2021-05-19,ANDHRA PRADESH,152438,625370,0.244
2021-05-19,ARUNACHAL PRADESH,1887,23136,0.082
2021-05-19,ASSAM,36429,456924,0.08
2021-05-19,BIHAR,51545,808635,0.064
2021-05-19,CHANDIGARH,4656,23563,0.198
2021-05-19,CHHATTISGARH,52471,459110,0.114
2021-05-19,DELHI,54174,457915,0.118
2021-05-19,GOA,14002,38384,0.365
2021-05-19,GUJARAT,62607,901500,0.069
2021-05-19,HARYANA,69437,425662,0.163
2021-05-19,HIMACHAL PRADESH,25919,100667,0.257
2021-05-19,JAMMU AND KASHMIR,27021,265704,0.102
2021-05-19,JHARKHAND,24039,367605,0.065
2021-05-19,KARNATAKA,259181,811612,0.319
2021-05-19,KERALA,233301,877019,0.266
2021-05-19,LADAKH,1220,13886,0.088
2021-05-19,LAKSHADWEEP,1125,8794,0.128
2021-05-19,MADHYA PRADESH,51486,468450,0.11
2021-05-19,MAHARASHTRA,253577,1739926,0.146
2021-05-19,MANIPUR,4313,23060,0.187
2021-05-19,MEGHALAYA,4293,24385,0.176
2021-05-19,NAGALAND,2162,9131,0.237
2021-05-19,ODISHA,78636,385420,0.204
2021-05-19,PUDUCHERRY,12725,63816,0.199
2021-05-19,PUNJAB,52384,469169,0.112
2021-05-19,RAJASTHAN,90390,451347,0.2
2021-05-19,SIKKIM,1524,4723,0.323
2021-05-19,TAMIL NADU,225841,1123025,0.201
2021-05-19,TELANGANA,29778,441716,0.067
2021-05-19,TRIPURA,3739,44177,0.085
2021-05-19,UTTAR PRADESH,92451,1826906,0.051
2021-05-19,UTTARAKHAND,38856,218212,0.178
2021-05-19,WEST BENGAL,139121,468930,0.297
2021-05-20,ANDAMAN AND NICOBAR ISLANDS,239,2793,0.086
2021-05-20,ANDHRA PRADESH,154146,635950,0.242
2021-05-20,ARUNACHAL PRADESH,1945,24311,0.08
2021-05-20,ASSAM,36915,495008,0.075
2021-05-20,BIHAR,47741,836997,0.057
2021-05-20,CHANDIGARH,4294,23066,0.186
2021-05-20,CHHATTISGARH,48001,457374,0.105
2021-05-20,DELHI,44733,446453,0.1
2021-05-20,GOA,12346,35337,0.349
2021-05-20,GUJARAT,56836,847781,0.067
2021-05-20,HARYANA,63765,427320,0.149
2021-05-20,HIMACHAL PRADESH,24338,98666,0.247
2021-05-20,JAMMU AND KASHMIR,26481,270353,0.098
2021-05-20,JHARKHAND,21571,368471,0.059
2021-05-20,KARNATAKA,253464,806358,0.314
2021-05-20,KERALA,222534,871244,0.255
2021-05-20,LADAKH,1111,11616,0.096
2021-05-20,LAKSHADWEEP,1264,10822,0.117
2021-05-20,MADHYA PRADESH,47581,476529,0.1
2021-05-20,MAHARASHTRA,240827,1773406,0.136
2021-05-20,MANIPUR,4229,22635,0.187
2021-05-20,MEGHALAYA,4759,23953,0.199
2021-05-20,MIZORAM,1217,15800,0.077
2021-05-20,NAGALAND,2068,8839,0.234
2021-05-20,ODISHA,78753,396739,0.199
2021-05-20,PUDUCHERRY,12477,63647,0.196
2021-05-20,PUNJAB,50415,477545,0.106
2021-05-20,RAJASTHAN,83855,429002,0.195
2021-05-20,SIKKIM,1563,4831,0.324
2021-05-20,TAMIL NADU,230361,1137024,0.203
2021-05-20,TELANGANA,28892,443261,0.065
2021-05-20,TRIPURA,4202,48974,0.086
2021-05-20,UTTAR PRADESH,81614,1879531,0.043
2021-05-20,UTTARAKHAND,35599,220080,0.162
2021-05-20,WEST BENGAL,137750,469189,0.294
2021-05-21,ANDAMAN AND NICOBAR ISLANDS,248,2887,0.086
2021-05-21,ANDHRA PRADESH,154357,640785,0.241
2021-05-21,ARUNACHAL PRADESH,2049,25833,0.079
2021-05-21,ASSAM,38020,538098,0.071
2021-05-21,BIHAR,45860,879403,0.052
2021-05-21,CHANDIGARH,3938,22717,0.173
2021-05-21,CHHATTISGARH,44092,456178,0.097
2021-05-21,DELHI,37475,431522,0.087
2021-05-21,GOA,11437,32834,0.348
2021-05-21,GUJARAT,50867,804826,0.063
2021-05-21,HARYANA,57936,412401,0.14
2021-05-21,HIMACHAL PRADESH,22049,95765,0.23
2021-05-21,JAMMU AND KASHMIR,26294,273456,0.096
2021-05-21,JHARKHAND,18636,359897,0.052
2021-05-21,KARNATAKA,247036,799401,0.309
2021-05-21,KERALA,213070,863113,0.247
2021-05-21,LADAKH,1109,11410,0.097
2021-05-21,LAKSHADWEEP,1361,11827,0.115
2021-05-21,MADHYA PRADESH,44114,487816,0.09
2021-05-21,MAHARASHTRA,228156,1802919,0.127
2021-05-21,MANIPUR,4313,21981,0.196
2021-05-21,MEGHALAYA,5351,24560,0.218
2021-05-21,NAGALAND,2028,9392,0.216
2021-05-21,ODISHA,79602,405886,0.196
2021-05-21,PUDUCHERRY,12492,63702,0.196
2021-05-21,PUNJAB,47474,480399,0.099
2021-05-21,RAJASTHAN,75668,398256,0.19
2021-05-21,SIKKIM,1581,4826,0.328
2021-05-21,TAMIL NADU,235319,1149989,0.205
2021-05-21,TELANGANA,27859,441292,0.063
2021-05-21,TRIPURA,4442,53439,0.083
2021-05-21,UTTAR PRADESH,70550,1915986,0.037
2021-05-21,UTTARAKHAND,32130,226216,0.142
2021-05-21,WEST BENGAL,136002,469354,0.29
2021-05-22,ANDAMAN AND NICOBAR ISLANDS,247,3128,0.079
2021-05-22,ANDHRA PRADESH,153276,643929,0.238
2021-05-22,ARUNACHAL PRADESH,2180,27651,0.079
2021-05-22,ASSAM,40008,597199,0.067
2021-05-22,BIHAR,43520,896098,0.049
2021-05-22,CHANDIGARH,3694,22670,0.163
2021-05-22,CHHATTISGARH,41441,458726,0.09
2021-05-22,DELHI,31978,426137,0.075
2021-05-22,GOA,10607,31128,0.341
2021-05-22,GUJARAT,45123,785366,0.057
2021-05-22,HARYANA,52971,402935,0.131
2021-05-22,HIMACHAL PRADESH,21667,98817,0.219
2021-05-22,JAMMU AND KASHMIR,27115,289063,0.094
2021-05-22,JHARKHAND,17011,359015,0.047
2021-05-22,KARNATAKA,237475,805309,0.295
2021-05-22,KERALA,208049,865296,0.24
2021-05-22,LADAKH,990,11274,0.088
2021-05-22,LAKSHADWEEP,1533,13615,0.113
2021-05-22,MADHYA PRADESH,40411,497733,0.081
2021-05-22,MAHARASHTRA,217877,1839636,0.118
2021-05-22,MANIPUR,4243,21909,0.194
2021-05-22,MEGHALAYA,5552,26489,0.21
2021-05-22,NAGALAND,2062,9818,0.21
2021-05-22,ODISHA,79735,411337,0.194
2021-05-22,PUDUCHERRY,12220,63597,0.192
2021-05-22,PUNJAB,44692,483317,0.092
2021-05-22,RAJASTHAN,67604,378699,0.179
2021-05-22,SIKKIM,1666,5009,0.333
2021-05-22,TAMIL NADU,239611,1164059,0.206
2021-05-22,TELANGANA,27018,449873,0.06
2021-05-22,TRIPURA,4753,59222,0.08
2021-05-22,UTTAR PRADESH,62585,1941353,0.032
2021-05-22,UTTARAKHAND,29981,239558,0.125
2021-05-22,WEST BENGAL,135003,476930,0.283
2021-05-23,ANDAMAN AND NICOBAR ISLANDS,252,3544,0.071
2021-05-23,ANDHRA PRADESH,150740,645003,0.234
2021-05-23,ARUNACHAL PRADESH,2245,29413,0.076
2021-05-23,ASSAM,40641,639896,0.064
2021-05-23,BIHAR,40559,926440,0.044
2021-05-23,CHANDIGARH,3426,23215,0.148
2021-05-23,CHHATTISGARH,38105,455629,0.084
2021-05-23,DELHI,27808,432481,0.064
2021-05-23,GOA,10297,30138,0.342
2021-05-23,GUJARAT,40267,764261,0.053
2021-05-23,HARYANA,48316,400916,0.121
2021-05-23,HIMACHAL PRADESH,19863,98576,0.201
2021-05-23,JAMMU AND KASHMIR,26846,304128,0.088
2021-05-23,JHARKHAND,15891,366655,0.043
2021-05-23,KARNATAKA,226994,815725,0.278
2021-05-23,KERALA,203883,868696,0.235
2021-05-23,LADAKH,944,11227,0.084
2021-05-23,LAKSHADWEEP,1768,16306,0.108
2021-05-23,MADHYA PRADESH,36684,517966,0.071
2021-05-23,MAHARASHTRA,209162,1883957,0.111
2021-05-23,MANIPUR,4270,21641,0.197
2021-05-23,MEGHALAYA,6115,28069,0.218
2021-05-23,NAGALAND,2010,10348,0.194
2021-05-23,ODISHA,79038,415094,0.19
2021-05-23,PUDUCHERRY,12067,63550,0.19
2021-05-23,PUNJAB,43218,495841,0.087
2021-05-23,RAJASTHAN,60142,391387,0.154
2021-05-23,SIKKIM,1738,5164,0.337
2021-05-23,TAMIL NADU,241826,1174345,0.206
2021-05-23,TELANGANA,26028,448631,0.058
2021-05-23,TRIPURA,5168,68961,0.075
2021-05-23,UTTAR PRADESH,56036,1991687,0.028
2021-05-23,UTTARAKHAND,27230,247280,0.11
2021-05-23,WEST BENGAL,134355,480386,0.28
2021-05-24,ANDAMAN AND NICOBAR ISLANDS,241,3591,0.067
2021-05-24,ANDHRA PRADESH,145336,642082,0.226
2021-05-24,ARUNACHAL PRADESH,2291,30359,0.075
2021-05-24,ASSAM,40554,659734,0.061
2021-05-24,BIHAR,37667,938759,0.04
2021-05-24,CHANDIGARH,3122,23261,0.134
2021-05-24,CHHATTISGARH,36523,454323,0.08
2021-05-24,DELHI,23001,438465,0.052
2021-05-24,GOA,10604,30829,0.344
2021-05-24,GUJARAT,35851,742308,0.048
2021-05-24,HARYANA,43601,392659,0.111
2021-05-24,HIMACHAL PRADESH,18794,96135,0.195
2021-05-24,JAMMU AND KASHMIR,26013,312569,0.083
2021-05-24,JHARKHAND,14915,364961,0.041
2021-05-24,KARNATAKA,221442,827623,0.268
2021-05-24,KERALA,199999,865919,0.231
2021-05-24,LADAKH,955,11189,0.085
2021-05-24,LAKSHADWEEP,1844,17602,0.105
2021-05-24,MADHYA PRADESH,32953,521532,0.063
2021-05-24,MAHARASHTRA,201445,1909525,0.105
2021-05-24,MANIPUR,4360,21886,0.199
2021-05-24,MEGHALAYA,6349,28331,0.224
2021-05-24,MIZORAM,1541,21048,0.073
2021-05-24,NAGALAND,1992,10619,0.188
2021-05-24,ODISHA,80158,425808,0.188
2021-05-24,PUDUCHERRY,11554,63141,0.183
2021-05-24,PUNJAB,41289,506677,0.081
2021-05-24,RAJASTHAN,56373,371444,0.152
2021-05-24,SIKKIM,1722,5228,0.329
2021-05-24,TAMIL NADU,244128,1184357,0.206
2021-05-24,TELANGANA,24454,446172,0.055
2021-05-24,TRIPURA,5283,74137,0.071
2021-05-24,UTTAR PRADESH,50246,2041629,0.025
2021-05-24,UTTARAKHAND,26233,254548,0.103
2021-05-24,WEST BENGAL,133660,484982,0.276
2021-05-25,ANDAMAN AND NICOBAR ISLANDS,215,3294,0.065
2021-05-25,ANDHRA PRADESH,139769,627168,0.223
2021-05-25,ARUNACHAL PRADESH,2467,32758,0.075
2021-05-25,ASSAM,40381,688921,0.059
2021-05-25,BIHAR,34591,941450,0.037
2021-05-25,CHANDIGARH,2747,23001,0.119
2021-05-25,CHHATTISGARH,34155,463907,0.074
2021-05-25,DELHI,20027,446215,0.045
2021-05-25,GOA,10443,30527,0.342
2021-05-25,GUJARAT,31903,720255,0.044
2021-05-25,HARYANA,39870,387825,0.103
2021-05-25,HIMACHAL PRADESH,17197,93767,0.183
2021-05-25,JAMMU AND KASHMIR,24906,314204,0.079
2021-05-25,JHARKHAND,13802,360162,0.038
2021-05-25,KARNATAKA,208150,839110,0.248
2021-05-25,KERALA,196418,866745,0.227
2021-05-25,LADAKH,950,11983,0.079
2021-05-25,LAKSHADWEEP,1861,19706,0.094
2021-05-25,MADHYA PRADESH,29968,532701,0.056
2021-05-25,MAHARASHTRA,196951,1938883,0.102
2021-05-25,MANIPUR,4568,21938,0.208
2021-05-25,MEGHALAYA,6526,28636,0.228
2021-05-25,NAGALAND,1910,10406,0.184
2021-05-25,ODISHA,80460,433884,0.185
2021-05-25,PUDUCHERRY,11030,62759,0.176
2021-05-25,PUNJAB,38889,501802,0.077
2021-05-25,RAJASTHAN,49190,359638,0.137
2021-05-25,SIKKIM,1753,5444,0.322
2021-05-25,TAMIL NADU,245920,1196274,0.206
2021-05-25,TELANGANA,23536,443290,0.053
2021-05-25,TRIPURA,5374,76684,0.07
2021-05-25,UTTAR PRADESH,44795,2113093,0.021
2021-05-25,UTTARAKHAND,24585,256978,0.096
2021-05-25,WEST BENGAL,132540,491476,0.27
2021-05-26,ANDAMAN AND NICOBAR ISLANDS,204,3332,0.061
2021-05-26,ANDHRA PRADESH,133733,608894,0.22
2021-05-26,ARUNACHAL PRADESH,2540,34584,0.073
2021-05-26,ASSAM,40313,712985,0.057
2021-05-26,BIHAR,31611,950425,0.033
2021-05-26,CHANDIGARH,2479,23131,0.107
2021-05-26,CHHATTISGARH,31184,466065,0.067
2021-05-26,DELHI,17113,454617,0.038
2021-05-26,GOA,10634,31673,0.336
2021-05-26,GUJARAT,28711,702994,0.041
2021-05-26,HARYANA,34913,377913,0.092
2021-05-26,HIMACHAL PRADESH,16304,92939,0.175
2021-05-26,JAMMU AND KASHMIR,23903,314583,0.076
2021-05-26,JHARKHAND,12124,362111,0.033
2021-05-26,KARNATAKA,200599,853538,0.235
2021-05-26,KERALA,194884,875220,0.223
2021-05-26,LADAKH,1026,12923,0.079
2021-05-26,LAKSHADWEEP,1899,20485,0.093
2021-05-26,MADHYA PRADESH,26978,534663,0.05
2021-05-26,MAHARASHTRA,192649,1952848,0.099
2021-05-26,MANIPUR,4768,22525,0.212
2021-05-26,MEGHALAYA,6577,29889,0.22
2021-05-26,NAGALAND,1821,9720,0.187
2021-05-26,ODISHA,81078,439461,0.184
2021-05-26,PUDUCHERRY,10470,62348,0.168
2021-05-26,PUNJAB,36579,513069,0.071
2021-05-26,RAJASTHAN,44196,343497,0.129
2021-05-26,SIKKIM,1822,5804,0.314
2021-05-26,TAMIL NADU,247146,1207676,0.205
2021-05-26,TELANGANA,23375,452877,0.052
2021-05-26,TRIPURA,5401,77162,0.07
2021-05-26,UTTAR PRADESH,39845,2131340,0.019
2021-05-26,UTTARAKHAND,22556,256046,0.088
2021-05-26,WEST BENGAL,130117,489973,0.266
2021-05-27,ANDAMAN AND NICOBAR ISLANDS,192,3335,0.058
2021-05-27,ANDHRA PRADESH,128858,598684,0.215
2021-05-27,ARUNACHAL PRADESH,2577,36684,0.07
2021-05-27,ASSAM,39869,727064,0.055
2021-05-27,BIHAR,28155,942239,0.03
2021-05-27,CHANDIGARH,2289,22986,0.1
2021-05-27,CHHATTISGARH,28333,456834,0.062
2021-05-27,DELHI,14758,465147,0.032
2021-05-27,GOA,10912,32415,0.337
2021-05-27,GUJARAT,26550,715276,0.037
2021-05-27,HARYANA,31233,360895,0.087
2021-05-27,HIMACHAL PRADESH,14273,86860,0.164
2021-05-27,JAMMU AND KASHMIR,22971,314076,0.073
2021-05-27,JHARKHAND,11207,355593,0.032
2021-05-27,KARNATAKA,193129,861584,0.224
2021-05-27,KERALA,190920,879047,0.217
2021-05-27,LADAKH,1127,13905,0.081
2021-05-27,LAKSHADWEEP,1763,18837,0.094
2021-05-27,MADHYA PRADESH,24095,532102,0.045
2021-05-27,MAHARASHTRA,183370,1950595,0.094
2021-05-27,MANIPUR,5033,23505,0.214
2021-05-27,MEGHALAYA,6551,33013,0.198
2021-05-27,MIZORAM,1685,22939,0.073
2021-05-27,NAGALAND,1837,8472,0.217
2021-05-27,ODISHA,81602,448358,0.182
2021-05-27,PUDUCHERRY,10032,62373,0.161
2021-05-27,PUNJAB,34281,515259,0.067
2021-05-27,RAJASTHAN,38233,337851,0.113
2021-05-27,SIKKIM,1851,6161,0.3
2021-05-27,TAMIL NADU,246035,1209745,0.203
2021-05-27,TELANGANA,23300,472855,0.049
2021-05-27,TRIPURA,5189,76665,0.068
2021-05-27,UTTAR PRADESH,35835,2189685,0.016
2021-05-27,UTTARAKHAND,21055,256041,0.082
2021-05-27,WEST BENGAL,127336,483816,0.263
2021-05-28,ANDAMAN AND NICOBAR ISLANDS,159,3179,0.05
2021-05-28,ANDHRA PRADESH,122415,581627,0.21
2021-05-28,ARUNACHAL PRADESH,2661,39366,0.068
2021-05-28,ASSAM,39000,743821,0.052
2021-05-28,BIHAR,24852,924295,0.027
2021-05-28,CHANDIGARH,2085,22418,0.093
2021-05-28,CHHATTISGARH,25945,455416,0.057
2021-05-28,DELHI,12599,476471,0.026
2021-05-28,GOA,10834,33785,0.321
2021-05-28,GUJARAT,24646,721327,0.034
2021-05-28,HARYANA,27098,354947,0.076
2021-05-28,HIMACHAL PRADESH,13097,83094,0.158
2021-05-28,JAMMU AND KASHMIR,21571,310645,0.069
2021-05-28,JHARKHAND,9846,334244,0.029
2021-05-28,KARNATAKA,188474,878516,0.215
2021-05-28,KERALA,184595,882754,0.209
2021-05-28,LADAKH,1161,15397,0.075
2021-05-28,LAKSHADWEEP,1608,18080,0.089
2021-05-28,MADHYA PRADESH,21120,524215,0.04
2021-05-28,MAHARASHTRA,174732,1931835,0.09
2021-05-28,MANIPUR,5202,24690,0.211
2021-05-28,MIZORAM,1699,23280,0.073
2021-05-28,NAGALAND,1739,8935,0.195
2021-05-28,ODISHA,76840,434001,0.177
2021-05-28,PUDUCHERRY,9212,62499,0.147
2021-05-28,PUNJAB,32666,519294,0.063
2021-05-28,RAJASTHAN,34007,352829,0.096
2021-05-28,SIKKIM,2010,6980,0.288
2021-05-28,TAMIL NADU,243817,1212796,0.201
2021-05-28,TELANGANA,23254,493829,0.047
2021-05-28,TRIPURA,5011,73887,0.068
2021-05-28,UTTAR PRADESH,32332,2246015,0.014
2021-05-28,UTTARAKHAND,19543,258147,0.076
2021-05-28,WEST BENGAL,121291,470343,0.258
2021-05-29,ANDAMAN AND NICOBAR ISLANDS,147,3005,0.049
2021-05-29,ANDHRA PRADESH,115907,573898,0.202
2021-05-29,ARUNACHAL PRADESH,2764,42967,0.064
2021-05-29,ASSAM,38370,763640,0.05
2021-05-29,BIHAR,21483,891457,0.024
2021-05-29,CHANDIGARH,1840,22077,0.083
2021-05-29,CHHATTISGARH,23842,453176,0.053
2021-05-29,DELHI,10731,485134,0.022
2021-05-29,GOA,10264,33587,0.306
2021-05-29,GUJARAT,22916,715278,0.032
2021-05-29,HARYANA,23462,346127,0.068
2021-05-29,HIMACHAL PRADESH,11958,82029,0.146
2021-05-29,JAMMU AND KASHMIR,20526,308291,0.067
2021-05-29,JHARKHAND,8382,336772,0.025
2021-05-29,KARNATAKA,179079,886286,0.202
2021-05-29,KERALA,177240,885264,0.2
2021-05-29,LADAKH,1164,15468,0.075
2021-05-29,LAKSHADWEEP,1441,17235,0.084
2021-05-29,MADHYA PRADESH,18590,518157,0.036
2021-05-29,MAHARASHTRA,165828,1908410,0.087
2021-05-29,MANIPUR,5278,25840,0.204
2021-05-29,MEGHALAYA,6080,34706,0.175
2021-05-29,NAGALAND,1622,8598,0.189
2021-05-29,ODISHA,71533,416104,0.172
2021-05-29,PUDUCHERRY,8733,62468,0.14
2021-05-29,PUNJAB,31119,518163,0.06
2021-05-29,RAJASTHAN,30430,351133,0.087
2021-05-29,SIKKIM,2113,7471,0.283
2021-05-29,TAMIL NADU,238712,1214226,0.197
2021-05-29,TELANGANA,23317,525068,0.044
2021-05-29,TRIPURA,4931,73686,0.067
2021-05-29,UTTAR PRADESH,26926,2314853,0.012
2021-05-29,UTTARAKHAND,17859,253306,0.071
2021-05-29,WEST BENGAL,113637,451904,0.251
2021-05-30,ANDAMAN AND NICOBAR ISLANDS,144,2924,0.049
2021-05-30,ANDHRA PRADESH,109682,562853,0.195
2021-05-30,ARUNACHAL PRADESH,2911,45876,0.063
2021-05-30,ASSAM,38003,772804,0.049
2021-05-30,BIHAR,18599,833411,0.022
2021-05-30,CHANDIGARH,1611,21191,0.076
2021-05-30,CHHATTISGARH,21951,448392,0.049
2021-05-30,DELHI,9427,502452,0.019
2021-05-30,GOA,9580,33282,0.288
2021-05-30,GUJARAT,20941,708301,0.03
2021-05-30,HARYANA,20309,338583,0.06
2021-05-30,HIMACHAL PRADESH,10879,80202,0.136
2021-05-30,JAMMU AND KASHMIR,19371,303494,0.064
2021-05-30,JHARKHAND,7168,330482,0.022
2021-05-30,KARNATAKA,168524,893619,0.189
2021-05-30,KERALA,172239,900995,0.191
2021-05-30,LADAKH,1171,16299,0.072
2021-05-30,LAKSHADWEEP,1213,16043,0.076
2021-05-30,MADHYA PRADESH,16386,514353,0.032
2021-05-30,MAHARASHTRA,159990,1885584,0.085
2021-05-30,MANIPUR,5528,27577,0.2
2021-05-30,MEGHALAYA,5570,35210,0.158
2021-05-30,NAGALAND,1526,8187,0.186
2021-05-30,ODISHA,67613,403994,0.167
2021-05-30,PUDUCHERRY,8284,62494,0.133
2021-05-30,PUNJAB,28858,506180,0.057
2021-05-30,RAJASTHAN,26641,340441,0.078
2021-05-30,SIKKIM,2099,8163,0.257
2021-05-30,TAMIL NADU,232855,1213344,0.192
2021-05-30,TELANGANA,22991,562625,0.041
2021-05-30,TRIPURA,4662,67528,0.069
2021-05-30,UTTAR PRADESH,22976,2337494,0.01
2021-05-30,UTTARAKHAND,16643,258601,0.064
2021-05-30,WEST BENGAL,106288,445403,0.239
2021-05-31,ANDAMAN AND NICOBAR ISLANDS,140,2723,0.051
2021-05-31,ANDHRA PRADESH,104315,555456,0.188
2021-05-31,ARUNACHAL PRADESH,2857,47227,0.06
2021-05-31,ASSAM,37685,781680,0.048
2021-05-31,BIHAR,16072,801315,0.02
2021-05-31,CHANDIGARH,1433,20812,0.069
2021-05-31,CHHATTISGARH,20300,440910,0.046
2021-05-31,DELHI,8724,509849,0.017
2021-05-31,GOA,8604,31956,0.269
2021-05-31,GUJARAT,19018,698031,0.027
2021-05-31,HARYANA,17361,328890,0.053
2021-05-31,HIMACHAL PRADESH,10431,80990,0.129
2021-05-31,JAMMU AND KASHMIR,18319,300128,0.061
2021-05-31,JHARKHAND,6526,333784,0.02
2021-05-31,KARNATAKA,162923,907311,0.18
2021-05-31,KERALA,166313,912327,0.182
2021-05-31,LADAKH,1090,17453,0.062
2021-05-31,LAKSHADWEEP,1317,17491,0.075
2021-05-31,MADHYA PRADESH,14487,513707,0.028
2021-05-31,MAHARASHTRA,151918,1848092,0.082
2021-05-31,MANIPUR,5793,30361,0.191
2021-05-31,MEGHALAYA,5509,35907,0.153
2021-05-31,MIZORAM,1768,21917,0.081
2021-05-31,NAGALAND,1495,7861,0.19
2021-05-31,ODISHA,64302,402895,0.16
2021-05-31,PUDUCHERRY,7766,61894,0.125
2021-05-31,PUNJAB,26421,490338,0.054
2021-05-31,RAJASTHAN,22418,337042,0.067
2021-05-31,SIKKIM,2039,8360,0.244
2021-05-31,TAMIL NADU,226236,1209871,0.187
2021-05-31,TELANGANA,22550,581152,0.039
2021-05-31,TRIPURA,4640,68099,0.068
2021-05-31,UTTAR PRADESH,20125,2359906,0.009
2021-05-31,UTTARAKHAND,14819,247638,0.06
2021-05-31,WEST BENGAL,99150,446573,0.222
2021-06-01,ANDAMAN AND NICOBAR ISLANDS,152,3217,0.047
2021-06-01,ANDHRA PRADESH,99264,580082,0.171
2021-06-01,ARUNACHAL PRADESH,2699,46172,0.058
2021-06-01,ASSAM,35812,772598,0.046
2021-06-01,BIHAR,14341,774315,0.019
2021-06-01,CHANDIGARH,1312,20287,0.065
2021-06-01,CHHATTISGARH,18254,424771,0.043
2021-06-01,DELHI,7822,513583,0.015
2021-06-01,GOA,7805,30997,0.252
2021-06-01,GUJARAT,17512,686522,0.026
2021-06-01,HARYANA,14850,313124,0.047
2021-06-01,HIMACHAL PRADESH,9347,81180,0.115
2021-06-01,JAMMU AND KASHMIR,17607,297090,0.059
2021-06-01,JHARKHAND,5963,342182,0.017
2021-06-01,KARNATAKA,154216,920917,0.167
2021-06-01,KERALA,160792,914341,0.176
2021-06-01,LADAKH,1130,17552,0.064
2021-06-01,LAKSHADWEEP,1230,17527,0.07
2021-06-01,MADHYA PRADESH,12756,513214,0.025
2021-06-01,MAHARASHTRA,144873,1777764,0.081
2021-06-01,MANIPUR,6124,32409,0.189
2021-06-01,MEGHALAYA,5106,35463,0.144
2021-06-01,NAGALAND,1421,7544,0.188
2021-06-01,ODISHA,61556,397996,0.155
2021-06-01,PUDUCHERRY,7471,61221,0.122
2021-06-01,PUNJAB,24132,480524,0.05
2021-06-01,RAJASTHAN,19502,332712,0.059
2021-06-01,SIKKIM,2084,8886,0.235
2021-06-01,TAMIL NADU,219305,1205349,0.182
2021-06-01,TELANGANA,22031,608553,0.036
2021-06-01,TRIPURA,4608,76598,0.06
2021-06-01,UTTAR PRADESH,17703,2345785,0.008
2021-06-01,UTTARAKHAND,13904,246011,0.057
2021-06-01,WEST BENGAL,91404,439128,0.208
2021-06-02,ANDAMAN AND NICOBAR ISLANDS,140,3621,0.039
2021-06-02,ANDHRA PRADESH,95283,600807,0.159
2021-06-02,ARUNACHAL PRADESH,2640,45977,0.057
2021-06-02,ASSAM,34727,773796,0.045
2021-06-02,BIHAR,12209,738557,0.017
2021-06-02,CHANDIGARH,1162,19576,0.059
2021-06-02,CHHATTISGARH,16634,412729,0.04
2021-06-02,DELHI,6877,510990,0.013
2021-06-02,GOA,7159,30673,0.233
2021-06-02,GUJARAT,15818,671947,0.024
2021-06-02,HARYANA,13266,303214,0.044
2021-06-02,HIMACHAL PRADESH,8269,79666,0.104
2021-06-02,JAMMU AND KASHMIR,16538,293810,0.056
2021-06-02,JHARKHAND,5325,337555,0.016
2021-06-02,KARNATAKA,145762,929466,0.157
2021-06-02,KERALA,150749,901907,0.167
2021-06-02,LADAKH,940,18285,0.051
2021-06-02,LAKSHADWEEP,1055,16417,0.064
2021-06-02,MADHYA PRADESH,11412,511447,0.022
2021-06-02,MAHARASHTRA,134860,1736088,0.078
2021-06-02,MANIPUR,6098,34341,0.178
2021-06-02,MEGHALAYA,4616,33216,0.139
2021-06-02,NAGALAND,1319,7719,0.171
2021-06-02,ODISHA,59352,398028,0.149
2021-06-02,PUDUCHERRY,7213,60613,0.119
2021-06-02,PUNJAB,21525,475186,0.045
2021-06-02,RAJASTHAN,17100,325628,0.053
2021-06-02,SIKKIM,2115,10618,0.199
2021-06-02,TAMIL NADU,211533,1200880,0.176
2021-06-02,TELANGANA,20703,621539,0.033
2021-06-02,TRIPURA,4676,83249,0.056
2021-06-02,UTTAR PRADESH,15201,2370766,0.006
2021-06-02,UTTARAKHAND,12129,239582,0.051
2021-06-02,WEST BENGAL,83823,438046,0.191
2021-06-03,ANDAMAN AND NICOBAR ISLANDS,142,3683,0.039
2021-06-03,ANDHRA PRADESH,89766,607735,0.148
2021-06-03,ARUNACHAL PRADESH,2642,46549,0.057
2021-06-03,ASSAM,33206,760599,0.044
2021-06-03,BIHAR,10764,715960,0.015
2021-06-03,CHANDIGARH,1072,19606,0.055
2021-06-03,CHHATTISGARH,15597,407733,0.038
2021-06-03,DELHI,5962,507338,0.012
2021-06-03,GOA,6378,29773,0.214
2021-06-03,GUJARAT,14066,654126,0.022
2021-06-03,HARYANA,11299,293127,0.039
2021-06-03,HIMACHAL PRADESH,7795,85901,0.091
2021-06-03,JAMMU AND KASHMIR,15219,291505,0.052
2021-06-03,JHARKHAND,4880,355123,0.014
2021-06-03,KARNATAKA,135338,937805,0.144
2021-06-03,KERALA,141612,886060,0.16
2021-06-03,LADAKH,796,18249,0.044
2021-06-03,LAKSHADWEEP,1106,17604,0.063
2021-06-03,MADHYA PRADESH,10221,521046,0.02
2021-06-03,MAHARASHTRA,125277,1689635,0.074
2021-06-03,MANIPUR,5980,37198,0.161
2021-06-03,MEGHALAYA,4302,30859,0.139
2021-06-03,NAGALAND,1277,8581,0.149
2021-06-03,ODISHA,56128,395304,0.142
2021-06-03,PUDUCHERRY,6759,60732,0.111
2021-06-03,PUNJAB,19735,467995,0.042
2021-06-03,RAJASTHAN,14490,325489,0.045
2021-06-03,SIKKIM,2070,12188,0.17
2021-06-03,TAMIL NADU,203086,1202785,0.169
2021-06-03,TELANGANA,19325,639187,0.03
2021-06-03,TRIPURA,4580,84683,0.054
2021-06-03,UTTAR PRADESH,13308,2344004,0.006
2021-06-03,UTTARAKHAND,10141,235517,0.043
2021-06-03,WEST BENGAL,76521,449231,0.17
2021-06-04,ANDHRA PRADESH,85020,609734,0.139
2021-06-04,ARUNACHAL PRADESH,2562,47251,0.054
2021-06-04,ASSAM,31811,748233,0.043
2021-06-04,BIHAR,9302,702486,0.013
2021-06-04,CHANDIGARH,983,19741,0.05
2021-06-04,CHHATTISGARH,14392,396753,0.036
2021-06-04,DELHI,5377,517316,0.01
2021-06-04,GOA,5446,27153,0.201
2021-06-04,GUJARAT,12404,634597,0.02
2021-06-04,HARYANA,9957,293187,0.034
2021-06-04,HIMACHAL PRADESH,7318,91414,0.08
2021-06-04,JAMMU AND KASHMIR,14251,293876,0.048
2021-06-04,JHARKHAND,5200,377093,0.014
2021-06-04,KARNATAKA,129448,950330,0.136
2021-06-04,KERALA,136299,874713,0.156
2021-06-04,LAKSHADWEEP,1115,17494,0.064
2021-06-04,MADHYA PRADESH,9090,529929,0.017
2021-06-04,MAHARASHTRA,119233,1688516,0.071
2021-06-04,MANIPUR,5788,38667,0.15
2021-06-04,NAGALAND,1217,7447,0.163
2021-06-04,ODISHA,58231,419241,0.139
2021-06-04,PUDUCHERRY,6437,60293,0.107
2021-06-04,PUNJAB,18025,461338,0.039
2021-06-04,RAJASTHAN,12294,320610,0.038
2021-06-04,SIKKIM,1951,12410,0.157
2021-06-04,TAMIL NADU,194130,1208078,0.161
2021-06-04,TELANGANA,17972,659130,0.027
2021-06-04,TRIPURA,4715,90950,0.052
2021-06-04,UTTAR PRADESH,11350,2336594,0.005
2021-06-04,UTTARAKHAND,8584,226704,0.038
2021-06-04,WEST BENGAL,72286,466634,0.155
